date,equity,drawdown,drawdown_pct,daily_return
2025-04-25 01:00:00,49.89815509341956,0.0,0.0,
2025-04-25 01:15:00,47.98279467191654,1.9153604215030242,3.838539557057926,-0.038385395570579295
2025-04-25 01:30:00,58.33986226987547,0.0,0.0,0.21584961169468397
2025-04-25 01:45:00,58.39943447873562,0.0,0.0,0.001021123577299221
2025-04-25 02:00:00,58.10157343443477,0.29786104430085203,0.510040973785986,-0.005100409737859857
2025-04-25 02:15:00,70.29920629467033,0.0,0.0,0.20993636039822716
2025-04-25 02:30:00,68.0226751715496,2.2765311231207335,3.238345413998404,-0.032383454139984
2025-04-25 02:45:00,68.06275494484399,2.236451349826339,3.1813322905124943,0.0005892119531216711
2025-04-25 03:00:00,68.54371222437652,1.7554940702938069,2.49717480868187,0.007066379841989656
2025-04-25 03:15:00,68.14291449143275,2.156291803237579,3.067306043540717,-0.005847330410581941
2025-04-25 03:30:00,71.30921658168867,0.0,0.0,0.04646561001810401
2025-04-25 03:45:00,71.36532826430081,0.0,0.0,0.0007868784050917288
2025-04-25 04:00:00,71.19699321646442,0.16833504783639341,0.23587791429048877,-0.002358779142904832
2025-04-25 04:15:00,68.63990368028306,2.725424584017759,3.8189757551792867,-0.035915695602578235
2025-04-25 04:30:00,70.04269574558629,1.3226325187145278,1.8533264694252802,0.020436976016710018
2025-04-25 04:45:00,69.37737150889961,1.9879567554011999,2.785605844954319,-0.009498838238655272
2025-04-25 05:00:00,70.9404826673804,0.4248455969204201,0.5953109265426602,0.022530561831392903
2025-04-25 05:15:00,72.01462059166977,0.0,0.0,0.01514139577151874
2025-04-25 05:30:00,71.7019983599736,0.3126222316961673,0.4341093921313106,-0.0043410939213130995
2025-04-25 05:45:00,71.81422172519785,0.20039886647191452,0.278275251366242,0.0015651358091979262
2025-04-25 06:00:00,73.04867874266472,0.0,0.0,0.01718958985854635
2025-04-25 06:15:00,75.18092268192571,0.0,0.0,0.02918935668600442
2025-04-25 06:30:00,74.3793272160381,0.8015954658876012,1.0662219048294725,-0.010662219048294674
2025-04-25 06:45:00,74.98853977011267,0.19238291181304135,0.25589325715909605,0.008190616625303404
2025-04-25 07:00:00,85.52076875559479,0.0,0.0,0.14045118117741806
2025-04-25 07:15:00,86.11204457385483,0.0,0.0,0.006913827212543078
2025-04-25 07:30:00,82.2306049281799,3.8814396456749307,4.507429436710188,-0.045074294367101864
2025-04-25 07:45:00,82.09709103373406,4.014953540120771,4.662476149520881,-0.00162365210085047
2025-04-25 08:00:00,83.80416154129135,2.307883032563481,2.680093178584446,0.020793312967153144
2025-04-25 08:15:00,82.31643528889505,3.795609284959781,4.407756549903353,-0.017752414975994668
2025-04-25 08:30:00,83.62296411311488,2.489080460739956,2.8905137173989313,0.015872028710116837
2025-04-25 08:45:00,84.14748298415203,1.9645615897027966,2.2814016313570065,0.00627242620014834
2025-04-25 09:00:00,85.37771815440284,0.734326419451989,0.8527569204586551,0.014619987747969798
2025-04-25 09:15:00,85.01532329804989,1.0967212758049385,1.273597998087625,-0.004244606955852048
2025-04-25 09:30:00,84.5480246674895,1.5640199063653313,1.8162614929249932,-0.005496640045961176
2025-04-25 09:45:00,83.36547303096937,2.7465715428854622,3.189532377819503,-0.013986744707175203
2025-04-25 10:00:00,83.96628555597556,2.1457590178792714,2.491822170171491,0.007206970741748142
2025-04-25 10:15:00,85.48262192861027,0.6294226452445599,0.7309345032502735,0.01805887163632902
2025-04-25 10:30:00,87.76189484093535,0.0,0.0,0.02666358215156972
2025-04-25 10:45:00,103.16610956450171,0.0,0.0,0.17552281376200707
2025-04-25 11:00:00,109.04562037076592,0.0,0.0,0.05699071944346423
2025-04-25 11:15:00,108.86007367865504,0.1855466921108757,0.17015510708270407,-0.0017015510708270343
2025-04-25 11:30:00,111.35335735389523,0.0,0.0,0.022903564098258222
2025-04-25 11:45:00,116.09639467098019,0.0,0.0,0.04259447069935196
2025-04-25 12:00:00,116.16597468052177,0.0,0.0,0.0005993296324040553
2025-04-25 12:15:00,113.35958096234438,2.8063937181773895,2.4158482945591415,-0.02415848294559142
2025-04-25 12:30:00,126.87608507370794,0.0,0.0,0.11923565698300753
2025-04-25 12:45:00,129.4165653874739,0.0,0.0,0.02002331891222897
2025-04-25 13:00:00,154.49308539713655,0.0,0.0,0.19376592119087244
2025-04-25 13:15:00,152.89572861501955,1.5973567821170036,1.033934158289915,-0.010339341582899175
2025-04-25 13:30:00,156.51983916369363,0.0,0.0,0.023703151039616843
2025-04-25 13:45:00,156.9664120275113,0.0,0.0,0.0028531390410555524
2025-04-25 14:00:00,164.42074367739056,0.0,0.0,0.0474899792483805
2025-04-25 14:15:00,161.19167835440143,3.229065322989129,1.9639038546893257,-0.019639038546893306
2025-04-25 14:30:00,164.4379195567682,0.0,0.0,0.020139012357880404
2025-04-25 14:45:00,165.51999995755713,0.0,0.0,0.006580479756163271
2025-04-25 15:00:00,164.79861302369787,0.7213869338592644,0.4358306754738059,-0.004358306754738028
2025-04-25 15:15:00,161.43214066568783,4.087859291869307,2.4697071610183188,-0.020427795454358244
2025-04-25 15:30:00,155.5751657979255,9.944834159631625,6.008237169031956,-0.036281343006481004
2025-04-25 15:45:00,152.99878389128514,12.52121606627199,7.564775295724201,-0.016560367417424393
2025-04-25 16:00:00,148.53305525310864,16.98694470444849,10.262774715324014,-0.029188000875547293
2025-04-25 16:15:00,175.34380102466656,0.0,0.0,0.18050356350558405
2025-04-25 16:30:00,175.34380102466656,0.0,0.0,0.0
2025-04-25 16:45:00,175.34380102466656,0.0,0.0,0.0
2025-04-25 17:00:00,175.34380102466656,0.0,0.0,0.0
2025-04-25 17:15:00,175.34380102466656,0.0,0.0,0.0
2025-04-25 17:30:00,174.9111816674049,0.43261935726167167,0.24672634831317064,-0.002467263483131754
2025-04-25 17:45:00,170.42619470551617,4.917606319150394,2.80455099662098,-0.02564151084644184
2025-04-25 18:00:00,172.89590118232718,2.447899842339382,1.3960572475527793,0.014491354929789368
2025-04-25 18:15:00,175.08900053373532,0.25480049093124535,0.14531479838024108,0.012684507477684015
2025-04-25 18:30:00,177.77604118050562,0.0,0.0,0.015346713034966264
2025-04-25 18:45:00,171.6709267698289,6.10511441067672,3.4341604021195784,-0.03434160402119579
2025-04-25 19:00:00,170.9003783490639,6.875662831441701,3.867598122775425,-0.00448852018954915
2025-04-25 19:15:00,171.01892425995084,6.757116920554779,3.800915396520678,0.0006936550523299889
2025-04-25 19:30:00,171.37456199261158,6.40147918789404,3.600867217756454,0.0020795226855723214
2025-04-25 19:45:00,173.37008482587484,4.405956354630774,2.4783746591348432,0.011644218430441944
2025-04-25 20:00:00,172.93541648595615,4.8406246945494615,2.7228779887355654,-0.002507170371147116
2025-04-25 20:15:00,173.17250830773,4.603532872775617,2.5895125362260716,0.001370984767559813
2025-04-25 20:30:00,173.94305672849507,3.8329844520105496,2.1560748155701774,0.004449600160527645
2025-04-25 20:45:00,176.7091279825233,1.066913197982302,0.6001445362927209,0.015902165375567545
2025-04-25 21:00:00,175.1285158373643,2.647525343141325,1.4892475530227098,-0.008944711363837121
2025-04-25 21:15:00,171.74995737708684,6.026083803418771,3.3897052512830808,-0.019291880846035392
2025-04-25 21:30:00,170.82134774180597,6.95469343869965,3.9120532736119227,-0.005406753221149696
2025-04-25 21:45:00,166.4153913871752,11.360649793330424,6.390427932746766,-0.02579277363676069
2025-04-25 22:00:00,171.1177125190232,6.658328661482415,3.7453464579750952,0.02825652779259924
2025-04-25 22:15:00,173.70596490672114,4.07007627378448,2.2894402680797192,0.015125566778542598
2025-04-25 22:30:00,184.3553392347301,0.0,0.0,0.06130690062213828
2025-04-25 22:45:00,190.53948425266478,0.0,0.0,0.03354470254892217
2025-04-25 23:00:00,196.94096344055882,0.0,0.0,0.03359660184345503
2025-04-25 23:15:00,192.75234125588742,4.188622184671402,2.1268415221984136,-0.021268415221984083
2025-04-25 23:30:00,188.95887210750575,7.982091333053063,4.053037617774342,-0.019680534740408984
2025-04-25 23:45:00,213.3657681717714,0.0,0.0,0.12916512356392373
2025-04-26 00:00:00,242.03267972407812,0.0,0.0,0.1343557206853736
2025-04-26 00:15:00,241.21851296333566,0.8141667607424665,0.3363871199833974,-0.0033638711998339454
2025-04-26 00:30:00,232.86789412040193,9.164785603676194,3.7865901472992096,-0.03461848238904863
2025-04-26 00:45:00,233.43843329600617,8.594246428071955,3.550861990153379,0.002450055117126926
2025-04-26 01:00:00,231.70088217030258,10.331797553775544,4.268761377824677,-0.007443295010039486
2025-04-26 01:15:00,274.1223114142381,0.0,0.0,0.18308704242548068
2025-04-26 01:30:00,273.6182270712569,0.504084342981173,0.18389030078599816,-0.0018389030078599378
2025-04-26 01:45:00,285.0026900606331,0.0,0.0,0.04160710750607777
2025-04-26 02:00:00,293.11023566348916,0.0,0.0,0.028447259922814272
2025-04-26 02:15:00,289.9463154282283,3.163920235260889,1.0794301427580608,-0.010794301427580644
2025-04-26 02:30:00,287.14963593456014,5.960599728929026,2.033569286803142,-0.00964550796080188
2025-04-26 02:45:00,279.7765718148897,13.333663848599485,4.549027030194693,-0.025676731560790644
2025-04-26 03:00:00,282.1495119913353,10.960723672153847,3.7394544231261566,0.008481554266865698
2025-04-26 03:15:00,275.1719379010724,17.938297762416767,6.119983398672973,-0.024730059042161967
2025-04-26 03:30:00,272.82724701244166,20.282988651047503,6.919918236609717,-0.008520821223687691
2025-04-26 03:45:00,275.73692365736906,17.373312006120102,5.92722801603758,0.010664904905171468
2025-04-26 04:00:00,271.10404045573705,22.006195207752114,7.507822153647595,-0.016801823782544356
2025-04-26 04:15:00,268.19436381080965,24.915871852679516,8.500512374219731,-0.01073269376596575
2025-04-26 04:30:00,263.2224891553996,29.88774650808955,10.196759741410993,-0.018538326401658867
2025-04-26 04:45:00,311.168833883631,0.0,0.0,0.1821513993051147
2025-04-26 05:00:00,311.168833883631,0.0,0.0,0.0
2025-04-26 05:15:00,311.168833883631,0.0,0.0,0.0
2025-04-26 05:30:00,311.168833883631,0.0,0.0,0.0
2025-04-26 05:45:00,311.168833883631,0.0,0.0,0.0
2025-04-26 06:00:00,311.168833883631,0.0,0.0,0.0
2025-04-26 06:15:00,311.168833883631,0.0,0.0,0.0
2025-04-26 06:30:00,311.168833883631,0.0,0.0,0.0
2025-04-26 06:45:00,311.168833883631,0.0,0.0,0.0
2025-04-26 07:00:00,310.1844566356252,0.9843772480057851,0.3163482781099846,-0.003163482781099791
2025-04-26 07:15:00,319.1612264157511,0.0,0.0,0.028940101891278713
2025-04-26 07:30:00,324.0118318408016,0.0,0.0,0.01519797839958148
2025-04-26 07:45:00,333.20908368570247,0.0,0.0,0.0283855431841753
2025-04-26 08:00:00,330.78378097317716,2.4253027125253084,0.727862123594734,-0.007278621235947358
2025-04-26 08:15:00,326.0906627372517,7.118420948450762,2.1363225965247605,-0.014187872882153174
2025-04-26 08:30:00,338.09118654857787,0.0,0.0,0.03680118808245547
2025-04-26 08:45:00,336.2958325925527,1.795353956025167,0.5310265477054089,-0.005310265477054044
2025-04-26 09:00:00,335.2564171443276,2.8347694042502667,0.838462970061173,-0.003090777070331452
2025-04-26 09:15:00,338.78413018072797,0.0,0.0,0.010522432550132743
2025-04-26 09:30:00,344.61115617835355,0.0,0.0,0.01719981982189389
2025-04-26 09:45:00,341.33542264455315,3.2757335338004054,0.950559340599249,-0.00950559340599244
2025-04-26 10:00:00,339.414078937228,5.197077241125555,1.5080989538353213,-0.005628902187880813
2025-04-26 10:15:00,334.81545301477763,9.795703163575922,2.8425380281380543,-0.013548718829960005
2025-04-26 10:30:00,334.02801706915255,10.583139109201,3.0710378696282525,-0.002351850664402688
2025-04-26 10:45:00,338.40616092682785,6.204995251525702,1.8005787509427889,0.013107115672781777
2025-04-26 11:00:00,336.83128903557775,7.7798671427757995,2.257578433923169,-0.004653792020029468
2025-04-26 11:15:00,381.86381765124884,0.0,0.0,0.13369461235210411
2025-04-26 11:30:00,433.5861502590699,0.0,0.0,0.13544706310734678
2025-04-26 11:45:00,432.146945234856,1.4392050242138907,0.3319305801981818,-0.003319305801981809
2025-04-26 12:00:00,419.81833299155954,13.767817267510338,3.1753360339771,-0.028528750183797524
2025-04-26 12:15:00,423.6009753843891,9.985174874680808,2.3029275424767643,0.009010188682983422
2025-04-26 12:30:00,510.8608173413451,0.0,0.0,0.20599537543031787
2025-04-26 12:45:00,597.666446473495,0.0,0.0,0.16992031133628394
2025-04-26 13:00:00,599.0916956417358,0.0,0.0,0.0023846899498047858
2025-04-26 13:15:00,719.5358810702322,0.0,0.0,0.20104465861353482
2025-04-26 13:30:00,719.3004218490366,0.23545922119558327,0.032723763663510846,-0.00032723763663511374
2025-04-26 13:45:00,727.2275489626273,0.0,0.0,0.011020606790710819
2025-04-26 14:00:00,718.9079898137103,8.319559148917051,1.1440104491069822,-0.011440104491069802
2025-04-26 14:15:00,730.2885188381721,0.0,0.0,0.015830299823779592
2025-04-26 14:30:00,741.4335886414383,0.0,0.0,0.015261187209949734
2025-04-26 14:45:00,731.8582469794773,9.575341661961033,1.2914631611856642,-0.012914631611856686
2025-04-26 15:00:00,748.7328244985066,0.0,0.0,0.023057166587483247
2025-04-26 15:15:00,873.7736590565568,0.0,0.0,0.16700327602412934
2025-04-26 15:30:00,852.36885049768,21.404808558876766,2.4496971655094604,-0.024496971655094568
2025-04-26 15:45:00,861.5289869115223,12.244672145034428,1.4013551470818448,0.010746681332258756
2025-04-26 16:00:00,876.3908408890834,0.0,0.0,0.017250555934094525
2025-04-26 16:15:00,837.0396426214538,39.35119826762957,4.4901425747111245,-0.0449014257471112
2025-04-26 16:30:00,992.4411773868836,0.0,0.0,0.1856561229032605
2025-04-26 16:45:00,990.5160689297162,1.9251084571674255,0.1939770840863609,-0.0019397708408636083
2025-04-26 17:00:00,977.8352850434555,14.605892343428081,1.4717136568119504,-0.012802199059690822
2025-04-26 17:15:00,989.7824698619158,2.658707524967781,0.2678957287895095,0.012217993154061135
2025-04-26 17:30:00,989.258470527773,3.182706859110567,0.32069476072029723,-0.0005294085822876715
2025-04-26 17:45:00,987.372072924858,5.069104462025621,0.510771275671236,-0.0019068804150937924
2025-04-26 18:00:00,975.529687973226,16.91148941365759,1.7040293973075424,-0.011993842317771564
2025-04-26 18:15:00,997.9568594745468,0.0,0.0,0.02298973755264777
2025-04-26 18:30:00,992.7168661331168,5.239993341430022,0.5250721302911862,-0.0052507213029118205
2025-04-26 18:45:00,982.5512790507423,15.405580423804508,1.5437120630561119,-0.010240167593779326
2025-04-26 19:00:00,981.0840809151421,16.872778559404765,1.6907322595376288,-0.0014932534992145863
2025-04-26 19:15:00,985.3808754551145,12.575984019432326,1.2601731126988742,0.004379639445341477
2025-04-26 19:30:00,980.9792810483133,16.97757842623355,1.7012337021434711,-0.004466896523406039
2025-04-26 19:45:00,981.3984805156276,16.558378958919207,1.659227931720182,0.0004273275444373059
2025-04-26 20:00:00,976.0536873073693,21.90317216717756,2.194801504617165,-0.0054460989234975665
2025-04-26 20:15:00,986.1144745229149,11.84238495163197,1.1866630144580927,0.01030761662639712
2025-04-26 20:30:00,988.2104718594871,9.746387615059689,0.9766341623415911,0.002125511176160666
2025-04-26 20:45:00,983.3896779853711,14.56718148917571,1.4597005222095223,-0.004878306809524946
2025-04-26 21:00:00,991.6688674648309,6.287992009715936,0.6300865563494142,0.008419032317301678
2025-04-26 21:15:00,987.372072924858,10.584786549688829,1.0606457031882146,-0.004332892441160863
2025-04-26 21:30:00,995.546462537489,2.4103969370578398,0.24153317993394857,0.008278935405187537
2025-04-26 21:45:00,979.512082912713,18.444776561833805,1.848253898624988,-0.016106108783619066
2025-04-26 22:00:00,1018.8120329734389,0.0,0.0,0.040121965564592355
2025-04-26 22:15:00,1002.0440542808625,16.767978692576435,1.6458363417281692,-0.016458363417281685
2025-04-26 22:30:00,1020.4888308426964,0.0,0.0,0.01840715134532811
2025-04-26 22:45:00,996.5944612057754,23.894369636921056,2.3414631218638258,-0.023414631218638293
2025-04-26 23:00:00,987.686472525344,32.8023583173524,3.214377005014838,-0.008938428846627988
2025-04-26 23:15:00,1007.0744478886354,13.414382954061011,1.3145056122744352,0.01962968604168447
2025-04-26 23:30:00,1068.2775701165392,0.0,0.0,0.06077318549409938
2025-04-26 23:45:00,1066.9151718477674,1.3623982687718126,0.127532235711285,-0.001275322357112807
2025-04-27 00:00:00,1080.643954402314,0.0,0.0,0.012867735802060132
2025-04-27 00:15:00,1134.3014862185585,0.0,0.0,0.0496532938509997
2025-04-27 00:30:00,1137.4454822234165,0.0,0.0,0.002771746350557436
2025-04-27 00:45:00,1118.895905794754,18.549576428662476,1.6308101547339897,-0.01630810154733986
2025-04-27 01:00:00,1145.0958725019045,0.0,0.0,0.023415910784426952
2025-04-27 01:15:00,1061.4655787726797,83.63029372922483,7.303344264659878,-0.07303344264659883
2025-04-27 01:30:00,1057.3783839663645,87.71748853554004,7.66027462345902,-0.0038505203447491976
2025-04-27 01:45:00,1002.463253748177,142.63261875372757,12.45595431604268,-0.05193517387048685
2025-04-27 02:00:00,1035.6848115328437,109.41106096906083,9.554751143239217,0.03313992573837732
2025-04-27 02:15:00,1038.8288075377018,106.26706496420275,9.28018932877832,0.0030356687380641567
2025-04-27 02:30:00,1008.4368461574073,136.6590263444972,11.934286868566971,-0.029255986318218685
2025-04-27 02:45:00,1013.0480402978658,132.04783220403874,11.53159620735766,0.004572615685384029
2025-04-27 03:00:00,1013.1528401646941,131.9430323372104,11.522444146875655,0.00010345004645340161
2025-04-27 03:15:00,1018.7072331066101,126.38863939529438,11.03738494132806,0.005482285319373004
2025-04-27 03:30:00,1202.0406924130223,0.0,0.0,0.17996677882351486
2025-04-27 03:45:00,1199.2952931041236,2.745399308898641,0.22839487267169145,-0.002283948726716889
2025-04-27 04:00:00,1209.2785633182998,0.0,0.0,0.008324280326604594
2025-04-27 04:15:00,1159.986166635805,49.29239668249488,4.076182128560597,-0.040761821285606015
2025-04-27 04:30:00,1194.054076241681,15.224487076618743,1.2589727080617599,0.029369237828654526
2025-04-27 04:45:00,1190.3103499113654,18.96821340693441,1.5685561608637975,-0.0031353071898545526
2025-04-27 05:00:00,1163.105938577735,46.17262474056474,3.8181959178921985,-0.02285488934516622
2025-04-27 05:15:00,1236.1086020188984,0.0,0.0,0.06276527444304181
2025-04-27 05:30:00,1209.902517706686,26.206084312212397,2.1200470791490975,-0.02120047079149101
2025-04-27 05:45:00,1237.106929040316,0.0,0.0,0.022484796035629806
2025-04-27 06:00:00,1189.9359772783337,47.170951761982224,3.8130052184393657,-0.03813005218439369
2025-04-27 06:15:00,1192.6813765872323,44.42555245308358,3.5910842798000204,0.0023071823705826944
2025-04-27 06:30:00,1204.6613008442434,32.44562819607245,2.6227020021011525,0.010044530326524193
2025-04-27 06:45:00,1216.2668524682235,20.840076572092357,1.6845816705803291,0.009633871043957853
2025-04-27 07:00:00,1243.7208455572077,0.0,0.0,0.0225723434238716
2025-04-27 07:15:00,1187.8145323578212,55.90631319938643,4.495085323936938,-0.044950853239369426
2025-04-27 07:30:00,1163.2307294554125,80.49011610179514,6.471718825757416,-0.0206966678994992
2025-04-27 07:45:00,1166.1009196419882,77.61992591521948,6.240944356001725,0.0024674298175730858
2025-04-27 08:00:00,1151.6251778314327,92.095667725775,7.404850377378263,-0.012413798468660642
2025-04-27 08:15:00,1363.7957905355088,0.0,0.0,0.184235823242076
2025-04-27 08:30:00,1363.7957905355088,0.0,0.0,0.0
2025-04-27 08:45:00,1363.7957905355088,0.0,0.0,0.0
2025-04-27 09:00:00,1360.9222216664875,2.8735688690212555,0.21070374970822564,-0.002107037497082298
2025-04-27 09:15:00,1372.5779215198706,0.0,0.0,0.008564559875516187
2025-04-27 09:30:00,1405.8598596554355,0.0,0.0,0.024247758625398408
2025-04-27 09:45:00,1441.1078194530173,0.0,0.0,0.025072171707228863
2025-04-27 10:00:00,1455.9934120368569,0.0,0.0,0.010329270567339899
2025-04-27 10:15:00,1430.9968509055038,24.99656113135302,1.7168045490249966,-0.017168045490249972
2025-04-27 10:30:00,1441.3886796904483,14.604732346408582,1.0030768151606773,0.007261950841029874
2025-04-27 10:45:00,1439.7035182658628,16.289893770994013,1.118816447679205,-0.0011691235322781601
2025-04-27 11:00:00,1392.0977080213204,63.89570401553647,4.388461066327889,-0.03306639849146453
2025-04-27 11:15:00,1401.646956093972,54.34645594288486,3.732603148722842,0.006859610512702119
2025-04-27 11:30:00,1380.0207178117905,75.97269422506633,5.217928432710736,-0.015429162235295113
2025-04-27 11:45:00,1379.8802876930747,76.11312434378215,5.227573402087305,-0.00010175942788637204
2025-04-27 12:00:00,1352.917704899706,103.07570713715086,7.079407522383872,-0.019539798512844597
2025-04-27 12:15:00,1368.5054480771223,87.48796395973454,6.008815921587417,0.011521575274655582
2025-04-27 12:30:00,1396.4510417014994,59.54237033535742,4.089467015655025,0.020420520549365273
2025-04-27 12:45:00,1342.6663062334767,113.32710580338016,7.783490286871669,-0.03851530333816
2025-04-27 13:00:00,1348.0026507446644,107.99076129219247,7.4169814505629645,0.003974438389056978
2025-04-27 13:15:00,1338.4534026720132,117.54000936484363,8.072839368167982,-0.007083997993161173
2025-04-27 13:30:00,1379.8802876930747,76.11312434378215,5.227573402087305,0.030951309129148008
2025-04-27 13:45:00,1405.2981391805738,50.695272856283054,3.481833944932696,0.018420330889713288
2025-04-27 14:00:00,1391.8168477838894,64.17656425296741,4.40775100508098,-0.009593189530973989
2025-04-27 14:15:00,1433.9458833985284,22.04752863832846,1.5142601921175691,0.03026909444422854
2025-04-27 14:30:00,1427.626528056333,28.36688398052388,1.9482838140620518,-0.00440696919971495
2025-04-27 14:45:00,1403.4725476372732,52.520864399583616,3.6072185468277453,-0.016918977018411496
2025-04-27 15:00:00,1406.5620102490132,49.4314017878437,3.3950292205437806,0.0022012989259683202
2025-04-27 15:15:00,1415.549537846803,40.44387419005375,2.777751180444899,0.006389713025306776
2025-04-27 15:30:00,1442.7929808776032,13.20043115925364,0.906627121395209,0.01924584219937664
2025-04-27 15:45:00,1462.734057735199,0.0,0.0,0.013821162926275443
2025-04-27 16:00:00,1470.1768540271187,0.0,0.0,0.005088277156439114
2025-04-27 16:15:00,1409.6514728607535,60.52538116636515,4.116877571604641,-0.04116877571604638
2025-04-27 16:30:00,1401.3660958565413,68.8107581705774,4.680440858668839,-0.00587760674445148
2025-04-27 16:45:00,1387.0422237475634,83.13463027955527,5.654736710881572,-0.010221363390572669
2025-04-27 17:00:00,1377.7738359123432,92.40301811477548,6.2851634387838775,-0.0066821237858055715
2025-04-27 17:15:00,1404.1746982308503,66.00215579626843,4.489402456274213,0.019161971021916413
2025-04-27 17:30:00,1497.4202970579188,0.0,0.0,0.06640598135299736
2025-04-27 17:45:00,1518.344384746523,0.0,0.0,0.013973423313224265
2025-04-27 18:00:00,1670.5610423321539,0.0,0.0,0.10025173413542965
2025-04-27 18:15:00,1689.9883895095395,0.0,0.0,0.011629235140228289
2025-04-27 18:30:00,1903.161869906535,0.0,0.0,0.1261390206703501
2025-04-27 18:45:00,2213.8905285765136,0.0,0.0,0.16326969533350244
2025-04-27 19:00:00,2297.5896905566756,0.0,0.0,0.037806368878581686
2025-04-27 19:15:00,2198.1969357052344,99.39275485144117,4.3259575571719955,-0.04325957557172
2025-04-27 19:30:00,2193.619637784444,103.97005277223161,4.525179286778617,-0.0020822965615325817
2025-04-27 19:45:00,2517.8620873354857,0.0,0.0,0.14781160961821382
2025-04-27 20:00:00,2517.8620873354857,0.0,0.0,0.0
2025-04-27 20:15:00,2517.8620873354857,0.0,0.0,0.0
2025-04-27 20:30:00,2517.8620873354857,0.0,0.0,0.0
2025-04-27 20:45:00,2517.8620873354857,0.0,0.0,0.0
2025-04-27 21:00:00,2517.8620873354857,0.0,0.0,0.0
2025-04-27 21:15:00,2517.8620873354857,0.0,0.0,0.0
2025-04-27 21:30:00,2517.8620873354857,0.0,0.0,0.0
2025-04-27 21:45:00,2517.8620873354857,0.0,0.0,0.0
2025-04-27 22:00:00,2517.8620873354857,0.0,0.0,0.0
2025-04-27 22:15:00,2517.8620873354857,0.0,0.0,0.0
2025-04-27 22:30:00,2517.8620873354857,0.0,0.0,0.0
2025-04-27 22:45:00,2517.8620873354857,0.0,0.0,0.0
2025-04-27 23:00:00,2513.44650579963,4.415581535855836,0.17537026980411788,-0.001753702698041204
2025-04-27 23:15:00,2541.046507313599,0.0,0.0,0.010980938504274285
2025-04-27 23:30:00,2585.5131764194393,0.0,0.0,0.017499352718597372
2025-04-27 23:45:00,2581.1687317366845,4.344444682754784,0.16803026657830494,-0.0016803026657830067
2025-04-28 00:00:00,2649.9131799520346,0.0,0.0,0.026633070271658177
2025-04-28 00:15:00,2631.002067803574,18.91111214846069,0.7136502543378797,-0.007136502543378831
2025-04-28 00:30:00,2638.4131793212136,11.500000630820978,0.433976506016289,0.002816839868098775
2025-04-28 00:45:00,2781.524298282537,0.0,0.0,0.054241359951871404
2025-04-28 01:00:00,3077.7871407119915,0.0,0.0,0.1065109668868911
2025-04-28 01:15:00,3555.4894194985627,0.0,0.0,0.15520965451693436
2025-04-28 01:30:00,3710.5793356564805,0.0,0.0,0.04361985028204374
2025-04-28 01:45:00,4291.364384930077,0.0,0.0,0.15652139375988927
2025-04-28 02:00:00,4483.421782782462,0.0,0.0,0.044754390591214
2025-04-28 02:15:00,4515.895255849291,0.0,0.0,0.007243010950148676
2025-04-28 02:30:00,4546.049195125632,0.0,0.0,0.0066772893452928805
2025-04-28 02:45:00,4719.550322654117,0.0,0.0,0.038165255165851786
2025-04-28 03:00:00,4786.352895820162,0.0,0.0,0.014154436037134621
2025-04-28 03:15:00,5353.075559400939,0.0,0.0,0.11840386112684786
2025-04-28 03:30:00,5353.075559400939,0.0,0.0,0.0
2025-04-28 03:45:00,5353.075559400939,0.0,0.0,0.0
2025-04-28 04:00:00,5333.5696027606955,19.505956640243312,0.36438784440446453,-0.003643878444044679
2025-04-28 04:15:00,5381.287659670228,0.0,0.0,0.00894673932535417
2025-04-28 04:30:00,5580.738414393216,0.0,0.0,0.03706376007693479
2025-04-28 04:45:00,5586.636151764058,0.0,0.0,0.0010568023320411957
2025-04-28 05:00:00,5568.942939651535,17.693212112522815,0.31670600396870197,-0.0031670600396870308
2025-04-28 05:15:00,5592.533889134899,0.0,0.0,0.00423616290183082
2025-04-28 05:30:00,5504.603986515087,87.92990261981231,1.5722730405021121,-0.015722730405021146
2025-04-28 05:45:00,5301.936284135275,290.5976049996243,5.196170658244799,-0.03681785335989607
2025-04-28 06:00:00,5094.443160270232,498.09072886466765,8.906351552600364,-0.039135348435988315
2025-04-28 06:15:00,6056.581645612096,0.0,0.0,0.1888603827882982
2025-04-28 06:30:00,6033.004913515115,23.576732096980777,0.38927456899820334,-0.0038927456899819912
2025-04-28 06:45:00,7118.359423424748,0.0,0.0,0.17990280556182303
2025-04-28 07:00:00,7219.903100781512,0.0,0.0,0.014265039360419118
2025-04-28 07:15:00,7076.629145058956,143.2739557225559,1.9844304518027027,-0.01984430451802699
2025-04-28 07:30:00,7030.725838856582,189.17726192492955,2.6202188489822285,-0.00648660615971719
2025-04-28 07:45:00,6878.410322821437,341.4927779600748,4.72988034871424,-0.021664266183349934
2025-04-28 08:00:00,7431.336511168199,0.0,0.0,0.08038575228817679
2025-04-28 08:15:00,7443.855594677935,0.0,0.0,0.0016846341826832756
2025-04-28 08:30:00,7542.61725347698,0.0,0.0,0.013267540932639266
2025-04-28 08:45:00,7679.631667444667,0.0,0.0,0.01816536745312458
2025-04-28 09:00:00,7694.237264872694,0.0,0.0,0.0019018617116681735
2025-04-28 09:15:00,7697.019283430413,0.0,0.0,0.0003615717142517738
2025-04-28 09:30:00,7692.1507509544035,4.868532476009932,0.0632521797949832,-0.0006325217979498143
2025-04-28 09:45:00,7615.645240617118,81.37404281329509,1.0572150051445401,-0.00994591926423083
2025-04-28 10:00:00,7649.724967949181,47.29431548123284,0.6144497465797524,0.004474962561320739
2025-04-28 10:15:00,7691.455246314975,5.564037115438623,0.07228820547996391,0.005455134470930156
2025-04-28 10:30:00,7374.305130734948,322.7141526954656,4.192715917838238,-0.041234084503316226
2025-04-28 10:45:00,7530.098169967241,166.92111346317233,2.1686461643990946,0.021126470422680566
2025-04-28 11:00:00,7637.205884439443,59.8133989909702,0.777098208909677,0.014223946627865525
2025-04-28 11:15:00,7574.610466890755,122.4088165396588,1.5903405205593242,-0.008196114979200031
2025-04-28 11:30:00,7609.385698862248,87.63358456816513,1.1385392363095204,0.00459102578588011
2025-04-28 11:45:00,7735.967543238486,0.0,0.0,0.01663496231964734
2025-04-28 12:00:00,8752.786589603335,0.0,0.0,0.13144044887489037
2025-04-28 12:15:00,8885.694079174948,0.0,0.0,0.015184591582466211
2025-04-28 12:30:00,8891.010378757812,0.0,0.0,0.0005982987412682661
2025-04-28 12:45:00,10322.067918324434,0.0,0.0,0.16095555832278308
2025-04-28 13:00:00,10272.678495728429,49.389422596004806,0.4784837978863262,-0.00478483797886331
2025-04-28 13:15:00,12398.438711419974,0.0,0.0,0.20693339293889856
2025-04-28 13:30:00,14778.706088348934,0.0,0.0,0.19198121895271703
2025-04-28 13:45:00,15560.317379019045,0.0,0.0,0.05288766729628036
2025-04-28 14:00:00,14862.341537739705,697.9758412793399,4.485614427251109,-0.044856144272511056
2025-04-28 14:15:00,14831.92864705215,728.3887319668956,4.681066036281677,-0.0020463054633974576
2025-04-28 14:30:00,17786.16730965618,0.0,0.0,0.19918101906397623
2025-04-28 14:45:00,21201.30036117735,0.0,0.0,0.19201062219104847
2025-04-28 15:00:00,21531.167546247943,0.0,0.0,0.01555881853712271
2025-04-28 15:15:00,25668.89814951089,0.0,0.0,0.19217400052158307
2025-04-28 15:30:00,25890.77006775114,0.0,0.0,0.008643608967862093
2025-04-28 15:45:00,25955.70819016292,0.0,0.0,0.0025081572406633335
2025-04-28 16:00:00,25333.384517050028,622.3236731128927,2.3976370382710273,-0.023976370382710277
2025-04-28 16:15:00,25833.94921064083,121.75897952209198,0.469102898792174,0.019759092720276206
2025-04-28 16:30:00,26315.573618528204,0.0,0.0,0.018643081007877704
2025-04-28 16:45:00,26082.878679885995,232.6949386422093,0.884248019881178,-0.00884248019881173
2025-04-28 17:00:00,26394.040516442437,0.0,0.0,0.011929735224984972
2025-04-28 17:15:00,25590.43125159666,803.609264845778,3.044661783955213,-0.03044661783955216
2025-04-28 17:30:00,26020.646312574707,373.39420386773054,1.4146913339589702,0.01681155963134473
2025-04-28 17:45:00,26193.814639006112,200.2258774363254,0.758602599369326,0.006655035557195932
2025-04-28 18:00:00,26109.9362308909,284.10428555153703,1.076395580186184,-0.0032022219470968505
2025-04-28 18:15:00,26139.699536996304,254.34097944613313,0.9636303289285657,0.0011399225889410225
2025-04-28 18:30:00,26412.980802145878,0.0,0.0,0.010454644467614793
2025-04-28 18:45:00,27016.364189555334,0.0,0.0,0.02284419891602818
2025-04-28 19:00:00,31137.430437515683,0.0,0.0,0.15253963187073016
2025-04-28 19:15:00,30366.753923145694,770.6765143699886,2.475080645837253,-0.024750806458372576
2025-04-28 19:30:00,29757.306805087406,1380.1236324282763,4.432361993382234,-0.020069551049174295
2025-04-28 19:45:00,29802.451036054692,1334.9794014609906,4.287378189860366,0.0015170805363193818
2025-04-28 20:00:00,31069.71409106476,67.71634645092126,0.21747570528277685,0.042522108449299933
2025-04-28 20:15:00,30466.716148858955,670.7142886567271,2.154045080896022,-0.019407901226204727
2025-04-28 20:30:00,31237.39266322894,0.0,0.0,0.025295686958991315
2025-04-28 20:45:00,31005.222332540085,232.17033068885576,0.7432449090482343,-0.0074324490904823515
2025-04-28 21:00:00,30976.20104120397,261.19162202496955,0.8361505226792854,-0.0009360130053205351
2025-04-28 21:15:00,31027.794448023713,209.59821520522746,0.6709849873352449,0.0016655821271018834
2025-04-28 21:30:00,30940.73057401539,296.66208921355064,0.94970182822834,-0.002805996222327911
2025-04-28 21:45:00,30511.86037982623,725.5322834027102,2.3226403407758474,-0.013861023519248561
2025-04-28 22:00:00,30234.54581817008,1002.8468450588589,3.2104050932501766,-0.009088746415459537
2025-04-28 22:15:00,30750.479886367568,486.91277686137255,1.5587497398095629,0.017064389566170624
2025-04-28 22:30:00,30415.12274203921,822.2699211897307,2.632325719545936,-0.010905753196945422
2025-04-28 22:45:00,29989.477135776277,1247.9155274526638,3.9949413861344643,-0.013994538502210774
2025-04-28 23:00:00,30276.46546121113,960.9272020178105,3.076208095783118,0.00956963417986656
2025-04-28 23:15:00,30727.90777088392,509.48489234501903,1.6310096615226102,0.014910667503482467
2025-04-28 23:30:00,30334.508043883343,902.8846193455975,2.8903968685210626,-0.012802685100914757
2025-04-28 23:45:00,30160.380295866697,1077.0123673622438,3.447830550307253,-0.005740252908164711
2025-04-29 00:00:00,30492.512852268825,744.8798109601157,2.38457741652987,0.011012213809772353
2025-04-29 00:15:00,29399.3775452754,1838.0151179535387,5.884022196632166,-0.03584930216441928
2025-04-29 00:30:00,35386.2643064241,0.0,0.0,0.203639915570621
2025-04-29 00:45:00,35386.2643064241,0.0,0.0,0.0
2025-04-29 01:00:00,35386.2643064241,0.0,0.0,0.0
2025-04-29 01:15:00,35270.38225416337,115.8820522607275,0.3274774959494383,-0.003274774959494353
2025-04-29 01:30:00,36078.2958145984,0.0,0.0,0.02290628875562195
2025-04-29 01:45:00,42334.639184140586,0.0,0.0,0.17341016886420313
2025-04-29 02:00:00,42530.01999601193,0.0,0.0,0.004615152405610612
2025-04-29 02:15:00,43026.966843597744,0.0,0.0,0.011684613541973699
2025-04-29 02:30:00,42453.56663484487,573.4002087528715,1.332653102964871,-0.013326531029648758
2025-04-29 02:45:00,42878.307530217375,148.65931338036899,0.3455026563242139,0.010004834199816903
2025-04-29 03:00:00,43808.49009108315,0.0,0.0,0.021693546561049715
2025-04-29 03:15:00,43077.93575104246,730.5543400406896,1.667609037704287,-0.016676090377042874
2025-04-29 03:30:00,42784.86453323542,1023.6255578477285,2.3365917330624435,-0.006803279049877542
2025-04-29 03:45:00,42190.22727971393,1618.262811369219,3.6939479265426747,-0.013898308666130621
2025-04-29 04:00:00,41905.65087981436,1902.839211268787,4.34353981913678,-0.006745078617682587
2025-04-29 04:15:00,41706.022658989285,2102.4674320938648,4.799223684090871,-0.004763754210562521
2025-04-29 04:30:00,44318.17916553015,0.0,0.0,0.06263259692489154
2025-04-29 04:45:00,44284.19989390035,33.97927162979613,0.07667118159995294,-0.0007667118159995212
2025-04-29 05:00:00,46896.3564004412,0.0,0.0,0.058986196268629776
2025-04-29 05:15:00,45660.36039490724,1235.9960055339543,2.635590694893146,-0.026355906948931418
2025-04-29 05:30:00,45702.83448444449,1193.5219159967091,2.5450205679208815,0.0009302180090102752
2025-04-29 05:45:00,44556.03406693874,2340.3223335024595,4.990413996172295,-0.025092544706304287
2025-04-29 06:00:00,43341.275106173394,3555.081294267802,7.580719627579333,-0.027263624023187272
2025-04-29 06:15:00,43893.43827015764,3002.918130283557,6.403307976939773,0.012739891999753228
2025-04-29 06:30:00,43778.75822840707,3117.5981720341297,6.64784731976491,-0.0026126921533176084
2025-04-29 06:45:00,43332.780288265945,3563.576112175251,7.598833652973785,-0.01018708520269851
2025-04-29 07:00:00,43702.304867240025,3194.051533201171,6.810873548314985,0.008527599118170137
2025-04-29 07:15:00,42793.35935114287,4102.997049298327,8.749074265521672,-0.02079857158239995
2025-04-29 07:30:00,43608.86187025807,3287.494530183125,7.010127827653998,0.019056753932860326
2025-04-29 07:45:00,42530.01999601193,4366.336404429268,9.310609052749758,-0.02473905137574639
2025-04-29 08:00:00,42865.5653033562,4030.791097084999,8.595105049668799,0.007889610853127671
2025-04-29 08:15:00,44037.85017458429,2858.5062258569087,6.0953695452340435,0.027347939142571054
2025-04-29 08:30:00,44547.53924903129,2348.8171514099085,5.008528021566748,0.011573886382427512
2025-04-29 08:45:00,44233.23098645564,2663.125413985559,5.678746961161582,-0.007055569575203591
2025-04-29 09:00:00,44590.01333856853,2306.3430618726634,4.917957894594484,0.008065934686574128
2025-04-29 09:15:00,44492.32293263286,2404.033467808338,5.126269186630715,-0.00219085841472888
2025-04-29 09:30:00,44725.93042508774,2170.425975353457,4.628133488283192,0.00525051238184604
2025-04-29 09:45:00,44407.37475355837,2488.9816468828285,5.307409440575244,-0.007122393396889248
2025-04-29 10:00:00,45082.712777200635,1813.6436232405613,3.867344421716094,0.015207789863510346
2025-04-29 10:15:00,45842.99897991741,1053.3574205237892,2.246139148912386,0.016864251414375087
2025-04-29 10:30:00,51898.60031652226,0.0,0.0,0.13209435402028658
2025-04-29 10:45:00,52275.12180094517,0.0,0.0,0.007254944875710656
2025-04-29 11:00:00,53824.238765427945,0.0,0.0,0.029633923578055832
2025-04-29 11:15:00,53915.67969735923,0.0,0.0,0.0016988801705082324
2025-04-29 11:30:00,52554.823475087906,1360.8562222713226,2.5240453795818083,-0.025240453795818074
2025-04-29 11:45:00,53135.74233676893,779.9373605902947,1.4465872728828748,0.011053578401921449
2025-04-29 12:00:00,53200.28887695571,715.3908204035179,1.3268697054718896,0.0012147480650159803
2025-04-29 12:15:00,51903.97919487117,2011.7005024880564,3.7311975176426997,-0.024366591036426688
2025-04-29 12:30:00,52070.72442368702,1844.9552736722108,3.4219271351643115,0.003212571201714809
2025-04-29 12:45:00,50865.855673533755,3049.824023825473,5.656655060169542,-0.02313908176789581
2025-04-29 13:00:00,51000.327632256216,2915.352065103012,5.407243461396639,0.0026436586378399962
2025-04-29 13:15:00,51382.227995028006,2533.451702331222,4.698914520881593,0.007488194301917606
2025-04-29 13:30:00,51441.3956568659,2474.2840404933304,4.5891734174215,0.0011515199738636461
2025-04-29 13:45:00,52016.93564019804,1898.7440571611878,3.5216917746734584,0.01118826532567696
2025-04-29 14:00:00,52909.829446115196,1005.8502512440318,1.8655987588213563,0.017165444194815915
2025-04-29 14:15:00,52038.45115359363,1877.2285437655955,3.4817859188697966,-0.016469119285462797
2025-04-29 14:30:00,53081.95355327996,833.7261440792718,1.5463519123920224,0.020052526094721523
2025-04-29 14:45:00,53388.54961916718,527.1300781920509,0.9776934671897858,0.005775900195147843
2025-04-29 15:00:00,52786.115244090535,1129.564453268693,2.0950574296924214,-0.011283962186160568
2025-04-29 15:15:00,53377.79186246938,537.8878348898506,0.9976463950916235,0.011208944163495271
2025-04-29 15:30:00,53259.4565387936,656.2231585656264,1.2171286020117964,-0.002216939284050423
2025-04-29 15:45:00,52780.73636574165,1134.9433316175782,2.1050338936433133,-0.0089884539603452
2025-04-29 16:00:00,53264.83541714251,650.8442802167192,1.207152138060864,0.009171888926412741
2025-04-29 16:15:00,54684.859301251716,0.0,0.0,0.02665968782196204
2025-04-29 16:30:00,55835.93926791602,0.0,0.0,0.021049335801033298
2025-04-29 16:45:00,54555.76622087817,1280.1730470378534,2.2927402383171795,-0.022927402383171813
2025-04-29 17:00:00,62934.796803256,0.0,0.0,0.1535865255462443
2025-04-29 17:15:00,63325.984062676696,0.0,0.0,0.006215754706313081
2025-04-29 17:30:00,63383.70021570599,0.0,0.0,0.0009114134408423347
2025-04-29 17:45:00,76115.599492006,0.0,0.0,0.20087024318509483
2025-04-29 18:00:00,74561.00377757744,1554.595714428564,2.0424140712336296,-0.020424140712336336
2025-04-29 18:15:00,76099.97541447406,15.624077531945659,0.020526774585262995,0.020640436138541274
2025-04-29 18:30:00,76506.20143030462,0.0,0.0,0.005338057123120965
2025-04-29 18:45:00,76888.99132983728,0.0,0.0,0.0050033839398153646
2025-04-29 19:00:00,76974.92375626299,0.0,0.0,0.0011176167737338982
2025-04-29 19:15:00,75764.05774753723,1210.8660087257595,1.5730655512695308,-0.015730655512695257
2025-04-29 19:30:00,75404.70396430249,1570.219791960495,2.0399108116462874,-0.004743064111378259
2025-04-29 19:45:00,75318.77153787679,1656.1522183861962,2.1515477217363856,-0.0011396162561209122
2025-04-29 20:00:00,74834.4251343865,2140.4986218764825,2.7807739422441755,-0.006430620064570736
2025-04-29 20:15:00,73545.43873800102,3429.4850182619703,4.455327593595614,-0.0172245112335766
2025-04-29 20:30:00,73600.12300936284,3374.800746900146,4.384285923538259,0.0007435440225822543
2025-04-29 20:45:00,73623.55912566074,3351.364630602242,4.353839493513707,0.00031842496098710704
2025-04-29 21:00:00,86630.46696873718,0.0,0.0,0.17666774056489487
2025-04-29 21:15:00,86269.45060171792,361.016367019256,0.41673141061277896,-0.004167314106127806
2025-04-29 21:30:00,85759.43319969485,871.033769042333,1.0054589332372732,-0.005911912020602594
2025-04-29 21:45:00,84593.67913792786,2036.7878308093204,2.3511218420932067,-0.013593304179756793
2025-04-29 22:00:00,85267.6307048869,1362.836263850273,1.573160472910861,0.007966925825039217
2025-04-29 22:15:00,88774.00034379543,0.0,0.0,0.04112193114693374
2025-04-29 22:30:00,89520.81153961491,0.0,0.0,0.008412499075487245
2025-04-29 22:45:00,89593.67116847534,0.0,0.0,0.0008138848118930397
2025-04-29 23:00:00,91560.88114770716,0.0,0.0,0.021957019436479985
2025-04-29 23:15:00,104315.12944664205,0.0,0.0,0.13929800739203868
2025-04-29 23:30:00,106858.39637522028,0.0,0.0,0.02438061422220761
2025-04-29 23:45:00,108955.47612334619,0.0,0.0,0.019624847641941612
2025-04-30 00:00:00,109557.8288169568,0.0,0.0,0.005528429731505247
2025-04-30 00:15:00,109870.15984327343,0.0,0.0,0.002850832566593242
2025-04-30 00:30:00,109713.99433011509,156.1655131583393,0.14213642119125416,-0.0014213642119125236
2025-04-30 00:45:00,110349.81106225966,0.0,0.0,0.0057952199810671345
2025-04-30 01:00:00,107092.64464495775,3257.166417301909,2.951673759970651,-0.029516737599706522
2025-04-30 01:15:00,106378.74515623401,3971.065906025644,3.598615953936847,-0.006666186002694308
2025-04-30 01:30:00,104248.2013695742,6101.609692685452,5.529334064054633,-0.02002790861586845
2025-04-30 01:45:00,106791.46829815244,3558.3427641072194,3.224602498050126,0.02439626674768225
2025-04-30 02:00:00,107282.27419664999,3067.536865609669,2.779829739698382,0.004595927992367965
2025-04-30 02:15:00,103935.87034325763,6413.940719002028,5.812371273914793,-0.031192514126409665
2025-04-30 02:30:00,105731.77374457818,4618.0373176814755,4.184907317218664,0.017278956681551882
2025-04-30 02:45:00,105263.27720510325,5086.533857156406,4.609463132008962,-0.004430991015120012
2025-04-30 03:00:00,105218.65848705803,5131.152575201631,4.649897019131842,-0.0004238773409864782
2025-04-30 03:15:00,104415.52156224384,5934.289500015817,5.377706987343798,-0.007633027605203457
2025-04-30 03:30:00,105397.13335923893,4952.67770302073,4.488161470640323,0.009401014162534471
2025-04-30 03:45:00,107505.36778687612,2844.4432753835426,2.5776603040839827,0.020002768201023313
2025-04-30 04:00:00,107471.90374834223,2877.907313917429,2.607985719426113,-0.00031127783870499304
2025-04-30 04:15:00,107059.1806064238,3290.6304558358534,2.9819991753128336,-0.0038402887408123254
2025-04-30 04:30:00,105017.87425585445,5331.9368064052105,4.83184951118486,-0.019067083635486703
2025-04-30 04:45:00,107059.1806064238,3290.6304558358534,2.9819991753128336,0.019437703962623898
2025-04-30 05:00:00,105486.37079532938,4863.44026693028,4.4072936963945635,-0.014691031653571773
2025-04-30 05:15:00,104917.48214025272,5432.328922006942,4.922825757211317,-0.005393006231871
2025-04-30 05:30:00,104761.31662709438,5588.494435165281,5.064344362141443,-0.0014884603592524304
2025-04-30 05:45:00,105252.12252559191,5097.688536667745,4.619571603789712,0.00468499169635872
2025-04-30 06:00:00,107059.1806064238,3290.6304558358534,2.9819991753128336,0.01716885168175586
2025-04-30 06:15:00,107126.1086834917,3223.7023787679645,2.921348344628468,0.0006251502831311484
2025-04-30 06:30:00,104649.7698319813,5700.041230278352,5.165429079948649,-0.023116109433479304
2025-04-30 06:45:00,104582.84175491346,5766.969307346197,5.226079910632976,-0.0006395434712881398
2025-04-30 07:00:00,103723.93143254277,6625.879629716888,6.004432237748508,-0.008212726944095916
2025-04-30 07:15:00,103735.08611205405,6614.7249502056075,5.9943237659678115,0.00010754200460039165
2025-04-30 07:30:00,102095.3482238918,8254.462838367865,7.480269117733854,-0.015806974762531345
2025-04-30 07:45:00,101916.87335171089,8432.937710548766,7.642004666225373,-0.001748119530279757
2025-04-30 08:00:00,103891.25162521235,6458.559437047312,5.852805161037725,0.019372437640310602
2025-04-30 08:15:00,101783.01719757516,8566.7938646845,7.763306327594065,-0.020292704098345493
2025-04-30 08:30:00,102931.94918723986,7417.861875019793,6.722133734179766,0.011288051988422199
2025-04-30 08:45:00,102139.96694193702,8209.84412032264,7.439835230610973,-0.007694231495239401
2025-04-30 09:00:00,104326.28412615339,6023.526936106267,5.458574761589557,0.021405109573407355
2025-04-30 09:15:00,105575.60823141989,4774.202830839771,4.32642592214875,0.01197516153988376
2025-04-30 09:30:00,107817.69881319275,2532.1122490669077,2.294623094223771,0.021236823725971243
2025-04-30 09:45:00,108007.32836488499,2342.4826973746676,2.122779073951502,0.0017587979875250959
2025-04-30 10:00:00,106668.76682352804,3681.0442387316143,3.335795687638069,-0.012393247399239748
2025-04-30 10:15:00,106278.35304063228,4071.4580216273753,3.689592199963304,-0.003660057151890217
2025-04-30 10:30:00,106133.34220698527,4216.46885527439,3.8210023331126926,-0.0013644437413475874
2025-04-30 10:45:00,108174.64855755462,2175.162504705033,1.9711519972406661,0.019233412499046088
2025-04-30 11:00:00,107259.96483762737,3089.846224632289,2.8000466832598283,-0.008455619982352891
2025-04-30 11:15:00,108174.64855755462,2175.162504705033,1.9711519972406661,0.008527727202893631
2025-04-30 11:30:00,108308.5047116903,2041.3063505693572,1.8498503358720269,0.0012374078022954205
2025-04-30 11:45:00,108565.06234045039,1784.748721809272,1.6173554849154312,0.0023687671567715896
2025-04-30 12:00:00,107761.92541563624,2587.885646623414,2.3451654531273474,-0.007397747558008816
2025-04-30 12:15:00,105385.97867972765,4963.832382532011,4.49826994242102,-0.022048109540958927
2025-04-30 12:30:00,122465.41902858691,0.0,0.0,0.16206558560094964
2025-04-30 12:45:00,125445.51967948844,0.0,0.0,0.024334221648365073
2025-04-30 13:00:00,137590.0891462156,0.0,0.0,0.09681150429091745
2025-04-30 13:15:00,133133.12445592918,4456.964690286433,3.2393064921631542,-0.03239306492163152
2025-04-30 13:30:00,139831.75777742476,0.0,0.0,0.05031530168671905
2025-04-30 13:45:00,152679.87550947416,0.0,0.0,0.09188268771175867
2025-04-30 14:00:00,152679.87550947416,0.0,0.0,0.0
2025-04-30 14:15:00,152232.2848996627,447.5906098114501,0.2931562580319736,-0.002931562580319791
2025-04-30 14:30:00,153237.48836165245,0.0,0.0,0.006603089894185565
2025-04-30 14:45:00,154242.69182364218,0.0,0.0,0.0065597751094521595
2025-04-30 15:00:00,149472.23471589433,4770.457107747847,3.0928253723698536,-0.030928253723698562
2025-04-30 15:15:00,148347.7698262109,5894.921997431287,3.821848495857046,-0.007522901439325769
2025-04-30 15:30:00,145298.08474661497,8944.607077027205,5.79904757319347,-0.020557673925052034
2025-04-30 15:45:00,151124.8573567927,3117.834466849483,2.021382296941724,0.04010219832105166
2025-04-30 16:00:00,153680.4593788004,562.2324448417639,0.36451156174362453,0.016910533890359014
2025-04-30 16:15:00,153544.16060429334,698.5312193488353,0.4528780009541853,-0.0008868972350681847
2025-04-30 16:30:00,148552.2179879715,5690.47383567068,3.689298837041205,-0.03251144554553809
2025-04-30 16:45:00,147257.37963015423,6985.3121934879455,4.528780009541588,-0.008716385223693557
2025-04-30 17:00:00,148075.17227719678,6167.519546445401,3.9985813742781486,0.00555349177811304
2025-04-30 17:15:00,146115.87739365743,8126.814429984748,5.268848937930088,-0.013231758257701287
2025-04-30 17:30:00,172796.54980459888,0.0,0.0,0.18259940594313262
2025-04-30 17:45:00,172796.54980459888,0.0,0.0,0.0
2025-04-30 18:00:00,172376.49451931383,420.0552852850524,0.24309240303701532,-0.002430924030370152
2025-04-30 18:15:00,202754.8867968676,0.0,0.0,0.17623279996652919
2025-04-30 18:30:00,203085.593637789,0.0,0.0,0.0016310671774473207
2025-04-30 18:45:00,202291.8972195777,793.6964182113006,0.39081867108057344,-0.003908186710805728
2025-04-30 19:00:00,200836.78711952374,2248.80651826525,1.1073195680615746,-0.0071931210298280535
2025-04-30 19:15:00,209214.69375619828,0.0,0.0,0.04171500030862685
2025-04-30 19:30:00,206150.14369699365,3064.55005920463,1.4647872021722368,-0.014647872021722352
2025-04-30 19:45:00,203239.92349688566,5974.770259312616,2.8558081423645727,-0.01411699331330818
2025-04-30 20:00:00,197617.90720122244,11596.786554975843,5.543007685917984,-0.02766196817501443
2025-04-30 20:15:00,196250.98559208083,12963.708164117445,6.196366006311341,-0.006916992637462482
2025-04-30 20:30:00,198786.40470581126,10428.289050387015,4.984491702355902,0.012919268181411647
2025-04-30 20:45:00,200043.09070131247,9171.60305488581,4.383823569091016,0.006321790453230447
2025-04-30 21:00:00,198477.74498761803,10736.948768580245,5.132024226315676,-0.007825042635597357
2025-04-30 21:15:00,197441.5302193977,11773.163536800566,5.627311985323578,-0.005220810868669212
2025-04-30 21:30:00,198080.89677851234,11133.796977685939,5.3217088999782955,0.0032382577181415684
2025-04-30 21:45:00,200506.08027860237,8708.613477595907,4.162524783151328,0.012243399235019492
2025-04-30 22:00:00,196383.26832844937,12831.425427748909,6.1331377817571475,-0.020562029562516848
2025-04-30 22:15:00,197772.2370603191,11442.45669587917,5.469241423938069,0.007072744759226035
2025-04-30 22:30:00,201895.0490104721,7319.6447457261675,3.4986284253322495,0.020846262404846883
2025-04-30 22:45:00,202247.80297412153,6966.890782076749,3.330019826521073,0.0017472145323935706
2025-04-30 23:00:00,196846.25790573927,12368.435850459005,5.91183899581746,-0.026707558692607436
2025-04-30 23:15:00,196140.74997844035,13073.94377775793,6.249056193439853,-0.0035840555711085242
2025-04-30 23:30:00,197485.6244648539,11729.069291344378,5.606235910472177,0.006856680656933234
2025-04-30 23:45:00,197419.48309666957,11795.210659528704,5.6378500227493005,-0.0003349173812704498
2025-05-01 00:00:00,192635.25746467384,16579.436291524442,7.9246041441261115,-0.02423380690168797
2025-05-01 00:15:00,230199.76698959328,0.0,0.0,0.19500329285155993
2025-05-01 00:30:00,229269.66036668108,930.1066229121934,0.40404325124892115,-0.0040404325124892004
2025-05-01 00:45:00,229075.03265908576,1124.7343305075192,0.4885905599367376,-0.0008489030222491589
2025-05-01 01:00:00,231434.8936136782,0.0,0.0,0.01030169428418004
2025-05-01 01:15:00,234840.87849659516,0.0,0.0,0.014716816594659177
2025-05-01 01:30:00,240314.78277271165,0.0,0.0,0.023308992502324655
2025-05-01 01:45:00,278611.9451837771,0.0,0.0,0.15936249101781907
2025-05-01 02:00:00,290055.164344232,0.0,0.0,0.04107224890485872
2025-05-01 02:15:00,292083.07660051517,0.0,0.0,0.006991470953009671
2025-05-01 02:30:00,292778.3608026693,0.0,0.0,0.0023804330269538987
2025-05-01 02:45:00,294922.15375931154,0.0,0.0,0.007322238401652692
2025-05-01 03:00:00,294371.7204326061,550.4333267054171,0.18663681913656116,-0.0018663681913656527
2025-05-01 03:15:00,295501.5572611066,0.0,0.0,0.0038381296506337925
2025-05-01 03:30:00,293821.28710590064,1680.2701552059734,0.5686163453011107,-0.005686163453011095
2025-05-01 03:45:00,296254.78181344044,0.0,0.0,0.00828222737538642
2025-05-01 04:00:00,291822.3450247073,4432.436788733117,1.4961570448251333,-0.014961570448251305
2025-05-01 04:15:00,296283.7519885303,0.0,0.0,0.015288092361279704
2025-05-01 04:30:00,294313.78008242656,1969.9719061037176,0.6648936679389624,-0.006648936679389594
2025-05-01 04:45:00,293589.52570518263,2694.2262833476416,0.9093398693870802,-0.0024608238766159474
2025-05-01 05:00:00,288519.7450644747,7764.006924055575,2.6204632795240608,-0.017268261285993236
2025-05-01 05:15:00,289997.22399405245,6286.52799447783,2.121793028569854,0.005120893647149183
2025-05-01 05:30:00,286665.65385873005,9618.09812980023,3.2462455552313125,-0.011488282851254916
2025-05-01 05:45:00,285912.4293063964,10371.322682133876,3.500469604737343,-0.002627536791361962
2025-05-01 06:00:00,303207.6238349827,0.0,0.0,0.06049123002642176
2025-05-01 06:15:00,299847.08352457057,3360.5403104121215,1.108329753687545,-0.011083297536875425
2025-05-01 06:30:00,302106.7571815718,1100.8666534108925,0.3630735400011006,0.007536086829459165
2025-05-01 06:45:00,302222.6378819308,984.9859530518879,0.32485527263257585,0.00038357533422983536
2025-05-01 07:00:00,299296.65019786515,3910.9736371175386,1.2898665236880857,-0.00968156358031902
2025-05-01 07:15:00,297123.88706613326,6083.736768849427,2.0064590368481077,-0.0072595638150159125
2025-05-01 07:30:00,290750.44854638615,12457.17528859654,4.108463742117586,-0.02145044137204799
2025-05-01 07:45:00,292372.77835141274,10834.845483569952,3.5734079989580647,0.005579801555380071
2025-05-01 08:00:00,291387.7923983609,11819.831436621782,3.898263271590622,-0.0033689386495070472
2025-05-01 08:15:00,335538.1719591635,0.0,0.0,0.15151760201554332
2025-05-01 08:30:00,335009.87407859735,528.2978805661551,0.15744792238733757,-0.0015744792238733263
2025-05-01 08:45:00,334728.1152089621,810.0567502013873,0.24142014766056927,-0.0008410464629144965
2025-05-01 09:00:00,326909.3065765835,8628.865382580028,2.57164939899303,-0.023358685085349218
2025-05-01 09:15:00,325183.5335000674,10354.63845909608,3.08597927879165,-0.005279057652376018
2025-05-01 09:30:00,327508.0441745584,8030.12778460508,2.393208420287389,0.007148303757793295
2025-05-01 09:45:00,325253.9732174764,10284.198741687112,3.064986222473294,-0.006882490360696769
2025-05-01 10:00:00,327965.9023377157,7572.269621447776,2.2567535542183723,0.008337881604988162
2025-05-01 10:15:00,338144.44150328974,0.0,0.0,0.031035357922949203
2025-05-01 10:30:00,335890.37054620753,2254.0709570822073,0.6666000325367696,-0.0066660003253676825
2025-05-01 10:45:00,332509.26411058445,5635.1773927052855,1.6665000813418551,-0.010066101121401272
2025-05-01 11:00:00,334411.1364806224,3733.3050226673367,1.104056303889004,0.005719757538561243
2025-05-01 11:15:00,327050.18601140106,11094.255491888674,3.28092203514182,-0.022011678638124144
2025-05-01 11:30:00,331734.4272190874,6410.014284202363,1.8956438425263904,0.014322698497174935
2025-05-01 11:45:00,336594.76772029576,1549.6737829939811,0.4582875223690184,0.014651299661456285
2025-05-01 12:00:00,333847.61874135194,4296.822761937801,1.2707063120231707,-0.00816159145179185
2025-05-01 12:15:00,327719.36332678486,10425.078176504874,3.0830251504824604,-0.01835644488845356
2025-05-01 12:30:00,336841.3067312265,1303.134772063233,0.38537814381034413,0.027834618351024076
2025-05-01 12:45:00,337017.40602474863,1127.0354785411037,0.3333000162683848,0.0005227960170057777
2025-05-01 13:00:00,403499.7260683936,0.0,0.0,0.19726672526451905
2025-05-01 13:15:00,389233.38756700367,14266.338501389953,3.5356501082163794,-0.035356501082163816
2025-05-01 13:30:00,408184.82539873174,0.0,0.0,0.04868913725564128
2025-05-01 13:45:00,421818.0423689951,0.0,0.0,0.0333996173349802
2025-05-01 14:00:00,403921.8070891448,17896.235279850313,4.242643387025908,-0.04242643387025913
2025-05-01 14:15:00,459034.49822066654,0.0,0.0,0.1364439605989347
2025-05-01 14:30:00,457282.23059056856,1752.2676300979801,0.3817289630496643,-0.0038172896304966564
2025-05-01 14:45:00,545875.5635365521,0.0,0.0,0.19373884883208237
2025-05-01 15:00:00,620270.2379760463,0.0,0.0,0.136285042615784
2025-05-01 15:15:00,620270.2379760463,0.0,0.0,0.0
2025-05-01 15:30:00,620270.2379760463,0.0,0.0,0.0
2025-05-01 15:45:00,620270.2379760463,0.0,0.0,0.0
2025-05-01 16:00:00,620270.2379760463,0.0,0.0,0.0
2025-05-01 16:15:00,620270.2379760463,0.0,0.0,0.0
2025-05-01 16:30:00,620270.2379760463,0.0,0.0,0.0
2025-05-01 16:45:00,620270.2379760463,0.0,0.0,0.0
2025-05-01 17:00:00,620270.2379760463,0.0,0.0,0.0
2025-05-01 17:15:00,620270.2379760463,0.0,0.0,0.0
2025-05-01 17:30:00,620270.2379760463,0.0,0.0,0.0
2025-05-01 17:45:00,620270.2379760463,0.0,0.0,0.0
2025-05-01 18:00:00,620270.2379760463,0.0,0.0,0.0
2025-05-01 18:15:00,620270.2379760463,0.0,0.0,0.0
2025-05-01 18:30:00,620270.2379760463,0.0,0.0,0.0
2025-05-01 18:45:00,620270.2379760463,0.0,0.0,0.0
2025-05-01 19:00:00,620270.2379760463,0.0,0.0,0.0
2025-05-01 19:15:00,620270.2379760463,0.0,0.0,0.0
2025-05-01 19:30:00,620270.2379760463,0.0,0.0,0.0
2025-05-01 19:45:00,620270.2379760463,0.0,0.0,0.0
2025-05-01 20:00:00,620270.2379760463,0.0,0.0,0.0
2025-05-01 20:15:00,620270.2379760463,0.0,0.0,0.0
2025-05-01 20:30:00,620270.2379760463,0.0,0.0,0.0
2025-05-01 20:45:00,620270.2379760463,0.0,0.0,0.0
2025-05-01 21:00:00,620270.2379760463,0.0,0.0,0.0
2025-05-01 21:15:00,620270.2379760463,0.0,0.0,0.0
2025-05-01 21:30:00,620270.2379760463,0.0,0.0,0.0
2025-05-01 21:45:00,620270.2379760463,0.0,0.0,0.0
2025-05-01 22:00:00,620270.2379760463,0.0,0.0,0.0
2025-05-01 22:15:00,620270.2379760463,0.0,0.0,0.0
2025-05-01 22:30:00,620270.2379760463,0.0,0.0,0.0
2025-05-01 22:45:00,620270.2379760463,0.0,0.0,0.0
2025-05-01 23:00:00,620270.2379760463,0.0,0.0,0.0
2025-05-01 23:15:00,620270.2379760463,0.0,0.0,0.0
2025-05-01 23:30:00,620270.2379760463,0.0,0.0,0.0
2025-05-01 23:45:00,618925.1158043542,1345.1221716920845,0.2168606664219847,-0.0021686066642198076
2025-05-02 00:00:00,605904.2955563231,14365.942419723142,2.316077983460804,-0.021037795874722653
2025-05-02 00:15:00,713000.3446420046,0.0,0.0,0.17675406804526617
2025-05-02 00:30:00,709262.0559614815,3738.288680523052,0.524303909334018,-0.005243039093340229
2025-05-02 00:45:00,721796.3180079411,0.0,0.0,0.017672258005495545
2025-05-02 01:00:00,857721.139656718,0.0,0.0,0.18831465090305644
2025-05-02 01:15:00,854997.0590493344,2724.0806073836284,0.3175951345298398,-0.0031759513452983557
2025-05-02 01:30:00,871077.9219896961,0.0,0.0,0.01880809152518248
2025-05-02 01:45:00,869759.8184699944,1318.1035197017482,0.15131866925188123,-0.0015131866925187643
2025-05-02 02:00:00,861060.3352399626,10017.586749733542,1.1500218863143266,-0.010002167317105015
2025-05-02 02:15:00,854118.3233695333,16959.59862016281,1.946966877707575,-0.008062166594277831
2025-05-02 02:30:00,1020879.9038336677,0.0,0.0,0.1952441200491437
2025-05-02 02:45:00,1023276.2004234127,0.0,0.0,0.002347285494352702
2025-05-02 03:00:00,1029319.0353018999,0.0,0.0,0.005905380068437882
2025-05-02 03:15:00,1004418.3881302022,24900.647171697696,2.419137926891085,-0.024191379268910795
2025-05-02 03:30:00,982643.3452059977,46675.69009590219,4.534618373419295,-0.021679255558772037
2025-05-02 03:45:00,997646.245593966,31672.7897079339,3.077062467677405,0.01526790005871681
2025-05-02 04:00:00,989207.114125734,40111.921176165924,3.8969376646572047,-0.008459041975552806
2025-05-02 04:15:00,1009210.9813096921,20108.053992207744,1.95352979033464,0.020222122241445595
2025-05-02 04:30:00,980663.7958492519,48655.23945264798,4.726934777649125,-0.028286637768639267
2025-05-02 04:45:00,968265.5656675276,61053.469634372275,5.931442783088652,-0.012642691852397303
2025-05-02 05:00:00,966181.8295025323,63137.20579936763,6.133881103330557,-0.0021520296072481404
2025-05-02 05:15:00,1160523.7716122093,0.0,0.0,0.20114427344358132
2025-05-02 05:30:00,1160523.7716122093,0.0,0.0,0.0
2025-05-02 05:45:00,1160523.7716122093,0.0,0.0,0.0
2025-05-02 06:00:00,1155545.6298016335,4978.141810575733,0.42895647054778174,-0.004289564705477811
2025-05-02 06:15:00,1157354.8963375678,3168.8752746414393,0.2730556109367076,0.0015657248742699803
2025-05-02 06:30:00,1180031.0369212779,0.0,0.0,0.019593074393574827
2025-05-02 06:45:00,1180875.361304714,0.0,0.0,0.0007155103188125622
2025-05-02 07:00:00,1174241.3840062881,6633.977298425976,0.5617847163053933,-0.005617847163053913
2025-05-02 07:15:00,1160611.5761022496,20263.785202464554,1.715996951623726,-0.01160733056225316
2025-05-02 07:30:00,1179548.565845029,1326.7954596851487,0.11235694326107472,0.016316388818364835
2025-05-02 07:45:00,1192092.8138275072,0.0,0.0,0.010634787193769757
2025-05-02 08:00:00,1176653.7393875336,15439.07443997357,1.2951235223373778,-0.012951235223373825
2025-05-02 08:15:00,1162058.989330997,30033.824496510206,2.5194199770468564,-0.012403606573445636
2025-05-02 08:30:00,1137091.1111351028,55001.70269240439,4.613877548326786,-0.02148589566031267
2025-05-02 08:45:00,1127682.9251482442,64409.88867926295,5.403093444751097,-0.008273906896930083
2025-05-02 09:00:00,1115862.3837801402,76230.430047367,6.394672391540593,-0.010482149817556352
2025-05-02 09:15:00,1112726.3217845203,79366.49204298691,6.657744357015395,-0.002810437954719913
2025-05-02 09:30:00,1118515.9746995107,73576.83912799647,6.172073036138849,0.005203123896364126
2025-05-02 09:45:00,1115862.3837801402,76230.430047367,6.394672391540593,-0.0023724211181547217
2025-05-02 10:00:00,1104041.842412036,88050.97141547129,7.386251338330108,-0.01059318921394281
2025-05-02 10:15:00,1100664.5448782917,91428.26894921553,7.6695596088414115,-0.003059030377295935
2025-05-02 10:30:00,1336579.9929314463,0.0,0.0,0.2143391000927004
2025-05-02 10:45:00,1333006.1447517253,3573.8481797210407,0.26738752627014256,-0.002673875262701464
2025-05-02 11:00:00,1360772.1959941757,0.0,0.0,0.020829649849530174
2025-05-02 11:15:00,1356236.1579199135,4536.038074262207,0.333342942162938,-0.003333429421629397
2025-05-02 11:30:00,1361871.841587936,0.0,0.0,0.004155385207150086
2025-05-02 11:45:00,1340841.1196072681,21030.721980667906,1.5442511797693228,-0.015442511797693181
2025-05-02 12:00:00,1331356.6763610842,30515.165226851823,2.2406781824104156,-0.007073502674919352
2025-05-02 12:15:00,1335205.4359392459,26666.405648690183,1.9580701233676496,0.0028908553556672434
2025-05-02 12:30:00,1332318.8662556247,29552.975332311355,2.17002616764972,-0.002161891800261162
2025-05-02 12:45:00,1374242.8545177404,0.0,0.0,0.03146693282212509
2025-05-02 13:00:00,1349225.9172596913,25016.937258049147,1.8204160331492703,-0.018204160331492747
2025-05-02 13:15:00,1359260.183302755,14982.671214985428,1.0902491627102737,0.007437054028315293
2025-05-02 13:30:00,1333555.9675486053,40686.88696913514,2.9606766253416894,-0.01891044560114541
2025-05-02 13:45:00,1325583.536993842,48659.317523898324,3.540809207334333,-0.005978324681354286
2025-05-02 14:00:00,1340428.752509608,33814.1020081325,2.460562330520452,0.011199004137778967
2025-05-02 14:15:00,1376167.2343068211,0.0,0.0,0.026661977915873658
2025-05-02 14:30:00,1378091.614095902,0.0,0.0,0.0013983618713682144
2025-05-02 14:45:00,1388538.2472366262,0.0,0.0,0.007580507009744553
2025-05-02 15:00:00,1365308.2340684372,23230.013168188976,1.6729833128053735,-0.01672983312805376
2025-05-02 15:15:00,1336579.9929314463,51958.25430517993,3.741939007339819,-0.021041579051628956
2025-05-02 15:30:00,1361322.0187910558,27216.22844557045,1.9600632895589536,0.01851144412639627
2025-05-02 15:45:00,1365858.0568653173,22680.19037130894,1.6333860746324778,0.00333208308662325
2025-05-02 16:00:00,1398984.8803773501,0.0,0.0,0.02425348911296088
2025-05-02 16:15:00,1401871.4500609713,0.0,0.0,0.002063331579997163
2025-05-02 16:30:00,1406132.5767367927,0.0,0.0,0.003039598727569537
2025-05-02 16:45:00,1396373.222092169,9759.354644623585,0.6940565069100445,-0.006940565069100457
2025-05-02 17:00:00,1369019.5379473786,37113.0387894141,2.639369815010062,-0.01958909245180651
2025-05-02 17:15:00,1377816.7026974622,28315.87403933052,2.013741414415067,0.006425886925816693
2025-05-02 17:30:00,1362009.2972871556,44123.27944963705,3.137917446734205,-0.011472792701205492
2025-05-02 17:45:00,1378503.981193562,27628.59554323065,1.9648641956186124,0.012110551623443655
2025-05-02 18:00:00,1398847.4246781298,7285.152058662847,0.5180985192427214,0.014757624034537509
2025-05-02 18:15:00,1392387.0068147872,13745.569922005525,0.977544375929674,-0.004618386358204329
2025-05-02 18:30:00,1404345.652646932,1786.9240898606367,0.12708076887085182,0.008588593382166998
2025-05-02 18:45:00,1365033.322669997,41099.25406679558,2.9228576840296583,-0.02799334330749592
2025-05-02 19:00:00,1330669.3978649843,75463.17887180834,5.366718623853769,-0.02517442192385244
2025-05-02 19:15:00,1580605.360372948,0.0,0.0,0.18782724161912623
2025-05-02 19:30:00,1898591.2336189905,0.0,0.0,0.20117980187730922
2025-05-02 19:45:00,2190641.843524149,0.0,0.0,0.15382490171329177
2025-05-02 20:00:00,2175436.294757159,15205.548766990192,0.6941138649359763,-0.006941138649359746
2025-05-02 20:15:00,2162995.391220531,27646.452303618193,1.2620252089744868,-0.005718808482974569
2025-05-02 20:30:00,2152167.1974016135,38474.64612253569,1.7563184158228444,-0.005006110444279455
2025-05-02 20:45:00,2147789.8424535403,42852.00107060885,1.956139073910484,-0.0020339288477949635
2025-05-02 21:00:00,2130280.4226612486,60361.42086290056,2.755421706261001,-0.008152296582374041
2025-05-02 21:15:00,2144564.4230181184,46077.42050603079,2.103375348290833,0.006705220685934599
2025-05-02 21:30:00,2182347.9078330635,8293.935691085644,0.37860756269235457,0.017618255907542846
2025-05-02 21:45:00,2201009.2631380064,0.0,0.0,0.00855104506387927
2025-05-02 22:00:00,2191102.6177292094,9906.645408797078,0.450095580001015,-0.004500955800010198
2025-05-02 22:15:00,2188107.5853963173,12901.677741689142,0.5861709879082952,-0.0013669064646529838
2025-05-02 22:30:00,2202852.3599582473,0.0,0.0,0.006738596703534272
2025-05-02 22:45:00,2197323.0694975234,5529.290460723918,0.2510059485252439,-0.0025100594852524027
2025-05-02 23:00:00,2179122.488397642,23729.871560605243,1.077233862420767,-0.008283070137721449
2025-05-02 23:15:00,2178892.1012951112,23960.258663136046,1.0876924436093478,-0.00010572471430925212
2025-05-02 23:30:00,2175897.068962219,26955.29099602811,1.2236539990605189,-0.0013745666116793398
2025-05-02 23:45:00,2168755.0687837848,34097.29117446253,1.5478700159055967,-0.0032823244630044712
2025-05-03 00:00:00,2179122.488397642,23729.871560605243,1.077233862420767,0.004780355219951682
2025-05-03 00:15:00,2215062.876392346,0.0,0.0,0.016493055432203585
2025-05-03 00:30:00,2228886.1025441545,0.0,0.0,0.006240557005913194
2025-05-03 00:45:00,2229346.8767492147,0.0,0.0,0.0002067284660864921
2025-05-03 01:00:00,2314359.7175828414,0.0,0.0,0.03813351870911652
2025-05-03 01:15:00,2652708.6254500346,0.0,0.0,0.1461954705211388
2025-05-03 01:30:00,2645341.9001738387,7366.72527619591,0.277705783647691,-0.0027770578364768594
2025-05-03 01:45:00,2658375.3372009546,0.0,0.0,0.004926938565581684
2025-05-03 02:00:00,2684158.875667637,0.0,0.0,0.00969898347530962
2025-05-03 02:15:00,2696625.64151966,0.0,0.0,0.00464457076853253
2025-05-03 02:30:00,2665458.726889604,31166.91463005636,1.1557746151405914,-0.011557746151405923
2025-05-03 02:45:00,2688408.9094808274,8216.732038832735,0.30470421671887193,0.00861021870633305
2025-05-03 03:00:00,2670842.1030529775,25783.538466682658,0.9561408179799317,-0.006534276227808777
2025-05-03 03:15:00,2684725.546842729,11900.094676930923,0.44129576214460114,0.005198152213446772
2025-05-03 03:30:00,2687558.90271819,9066.738801470026,0.33622534258632,0.0010553614609853934
2025-05-03 03:45:00,2674808.8012786205,21816.840241039637,0.8090422305984211,-0.004744119813215653
2025-05-03 04:00:00,2659792.015138684,36833.62638097629,1.3659154542570848,-0.005614153106105468
2025-05-03 04:15:00,2639108.5172478277,57517.12427183241,2.1329295170322244,-0.007776359118732645
2025-05-03 04:30:00,2662058.6998390513,34566.94168060878,1.2818591186105046,0.008696187535007782
2025-05-03 04:45:00,2635425.15460973,61200.48690993013,2.2695210624579363,-0.010004867748007018
2025-05-03 05:00:00,2617858.34818188,78767.29333778005,2.920957663718996,-0.006665644211949262
2025-05-03 05:15:00,2613608.3143686904,83017.32715096977,3.078563293056357,-0.0016234773803331937
2025-05-03 05:30:00,2620125.0328822476,76500.60863741254,2.8369013280724156,0.0024933799290929315
2025-05-03 05:45:00,2611908.300843415,84717.34067624528,3.141605544791288,-0.0031360076086880406
2025-05-03 06:00:00,3095624.7061433764,0.0,0.0,0.18519654964294263
2025-05-03 06:15:00,3701020.3214278137,0.0,0.0,0.19556492558125926
2025-05-03 06:30:00,3789567.2607675777,0.0,0.0,0.023925007605903437
2025-05-03 06:45:00,3742102.910400767,47464.3503668108,1.2525005389981358,-0.012525005389981358
2025-05-03 07:00:00,3707800.9429087867,81766.31785879098,2.1576689957530717,-0.009166494966410865
2025-05-03 07:15:00,4359733.42630742,0.0,0.0,0.1758272608041329
2025-05-03 07:30:00,4340808.441133565,18924.985173854977,0.4340858333139864,-0.0043408583331399075
2025-05-03 07:45:00,4342227.815021603,17505.611285816878,0.40152939581546093,0.0003269837651871388
2025-05-03 08:00:00,4390959.65184428,0.0,0.0,0.011222772940215675
2025-05-03 08:15:00,4312894.088002129,78065.56384215038,1.7778702158960054,-0.017778702158960047
2025-05-03 08:30:00,4292076.604310887,98883.0475333929,2.2519689401349954,-0.00482680150879522
2025-05-03 08:45:00,4326141.577623826,64818.07422045339,1.4761710277439843,0.007936711399494811
2025-05-03 09:00:00,4345066.562797681,45893.08904659841,1.0451721875267634,0.00437456445525064
2025-05-03 09:15:00,4348851.559832452,42108.092011827976,0.9589724194833319,0.0008711021983363043
2025-05-03 09:30:00,4373927.16518781,17032.486656470224,0.38789895619551595,0.0057660292632117915
2025-05-03 09:45:00,4382916.533145391,8043.118698888458,0.18317450709232108,0.0020552166549840933
2025-05-03 10:00:00,4386701.530180162,4258.121664118022,0.09697473904888959,0.0008635795379963174
2025-05-03 10:15:00,5246334.909693897,0.0,0.0,0.1959634986787966
2025-05-03 10:30:00,6245630.335438374,0.0,0.0,0.1904749587941923
2025-05-03 10:45:00,6420093.72755688,0.0,0.0,0.02793367246354328
2025-05-03 11:00:00,6389426.33441105,30667.39314582944,0.4776782777204048,-0.004776782777204058
2025-05-03 11:15:00,6311054.107482813,109039.62007406633,1.69841165411709,-0.012265925425284818
2025-05-03 11:30:00,6345810.486381423,74283.2411754569,1.1570429393672552,0.0055072224555006155
2025-05-03 11:45:00,6353988.457886976,66105.26966990344,1.0296620653084971,0.0012887197818314267
2025-05-03 12:00:00,6319232.0789883705,100861.64856850915,1.5710307800582735,-0.005470009762996053
2025-05-03 12:15:00,6260623.283198561,159470.44435831904,2.483927044146198,-0.009274670570287413
2025-05-03 12:30:00,6212918.449416155,207175.27814072464,3.2269821428224486,-0.0076198218011982455
2025-05-03 12:45:00,6358758.941265218,61334.78629166167,0.9553565554408531,0.02347374958104731
2025-05-03 13:00:00,6362847.927017995,57245.800538884476,0.8916661184114667,0.0006430477693126768
2025-05-03 13:15:00,6362847.927017995,57245.800538884476,0.8916661184114667,0.0
2025-05-03 13:30:00,6400330.296418455,19763.431138424203,0.3078371123087176,0.005890816475638605
2025-05-03 13:45:00,6416004.741804102,4088.9857527771965,0.06369043702938634,0.002449005701224305
2025-05-03 14:00:00,6430316.191938823,0.0,0.0,0.002230585965978582
2025-05-03 14:15:00,6441901.651571693,0.0,0.0,0.0018016936161542318
2025-05-03 14:30:00,7521115.965656187,0.0,0.0,0.16753039280275073
2025-05-03 14:45:00,7499533.567432529,21582.398223658092,0.2869573919908987,-0.002869573919908941
2025-05-03 15:00:00,7584202.975848425,0.0,0.0,0.011289956589244587
2025-05-03 15:15:00,7528586.795810532,55616.180037893355,0.7333160810041706,-0.007333160810041761
2025-05-03 15:30:00,7541868.271640476,42334.70420794934,0.5581958228539298,0.0017641392986709192
2025-05-03 15:45:00,7403242.867665429,180960.1081829965,2.386013517297155,-0.018380777677636906
2025-05-03 16:00:00,8807483.196815746,0.0,0.0,0.18967908445682768
2025-05-03 16:15:00,10474618.706583634,0.0,0.0,0.1892862549395069
2025-05-03 16:30:00,12281468.498847146,0.0,0.0,0.17249790592643222
2025-05-03 16:45:00,12413229.820039028,0.0,0.0,0.010728466323408403
2025-05-03 17:00:00,14866641.63877912,0.0,0.0,0.19764492032359549
2025-05-03 17:15:00,15172345.593765708,0.0,0.0,0.0205630809172912
2025-05-03 17:30:00,14848062.945382142,324282.64838356525,2.13732706244717,-0.021373270624471696
2025-05-03 17:45:00,15513517.963419247,0.0,0.0,0.04481763180052156
2025-05-03 18:00:00,15586143.764880145,0.0,0.0,0.004681452758307225
2025-05-03 18:15:00,15589521.709134141,0.0,0.0,0.00021672738972200456
2025-05-03 18:30:00,15520273.851927238,69247.8572069034,0.4441948797334175,-0.004441948797334172
2025-05-03 18:45:00,15577698.90424516,11822.804888980463,0.07583815019836881,0.0037000025170814688
2025-05-03 19:00:00,15711127.702277977,0.0,0.0,0.008565372771228486
2025-05-03 19:15:00,15853001.360945785,0.0,0.0,0.009030138469769966
2025-05-03 19:30:00,15878335.942850752,0.0,0.0,0.001598093719172855
2025-05-03 19:45:00,15858068.277326781,20267.6655239705,0.12764351124020681,-0.0012764351124020523
2025-05-03 20:00:00,15893536.691993734,0.0,0.0,0.002236616342336184
2025-05-03 20:15:00,15956028.660692647,0.0,0.0,0.003931910808145922
2025-05-03 20:30:00,15837800.611802805,118228.04888984188,0.7409616227444759,-0.0074096162274447375
2025-05-03 20:45:00,15873269.026469756,82759.63422289118,0.5186731359211447,0.002239478544799889
2025-05-03 21:00:00,15489872.353641275,466156.3070513718,2.921505826821046,-0.024153605170374237
2025-05-03 21:15:00,15962784.549200637,0.0,0.0,0.030530412695634057
2025-05-03 21:30:00,15721261.535039963,241523.01416067407,1.5130381132204702,-0.015130381132204662
2025-05-03 21:45:00,15616545.26316611,346239.28603452817,2.169040651819526,-0.006660805918180301
2025-05-03 22:00:00,15479738.52087929,483046.02832134813,3.0260762264409404,-0.008760371771181608
2025-05-03 22:15:00,15582765.82062615,380018.72857448645,2.3806543739482877,0.006655622742457679
2025-05-03 22:30:00,15790509.392246874,172275.15695376322,1.0792299828565322,0.013331623795933778
2025-05-03 22:45:00,15597966.569769131,364817.97943150625,2.2854281989903518,-0.01219357892103734
2025-05-03 23:00:00,15261861.116496582,700923.4327040557,4.390984734171305,-0.02154803010822992
2025-05-03 23:15:00,15238215.506718615,724569.0424820222,4.539114339661411,-0.0015493267562504132
2025-05-03 23:30:00,15305774.391798524,657010.1574021131,4.115886895403935,0.004433516841268137
2025-05-03 23:45:00,15393600.942402404,569183.6067982335,3.5656912178692295,0.005738131789721157
2025-05-04 00:00:00,15354754.583481457,608029.9657191802,3.809046998317272,-0.0025235394282531187
2025-05-04 00:15:00,15214569.89694065,748214.6522599868,4.687243945151505,-0.009129724983792054
2025-05-04 00:30:00,15184168.398654686,778616.150545951,4.8776962950674,-0.0019981832212080386
2025-05-04 00:45:00,15147011.011860741,815773.537339896,5.110471389408981,-0.002447113718604288
2025-05-04 01:00:00,15277061.865639562,685722.6835610755,4.295758559213368,0.008585908710107004
2025-05-04 01:15:00,15402045.803037396,560738.7461632416,3.5127877873370252,0.008181150177766883
2025-05-04 01:30:00,15045672.684240874,917111.8649597634,5.745312555795219,-0.023138037852493798
2025-05-04 01:45:00,15353065.611354463,609718.9378461745,3.8196276844236876,0.020430653621460015
2025-05-04 02:00:00,16070878.765328495,0.0,0.0,0.04675373454036236
2025-05-04 02:15:00,15979674.270470612,91204.49485788308,0.5675140494161947,-0.0056751404941619565
2025-05-04 02:30:00,15489872.353641275,581006.4116872195,3.6152746851696103,-0.030651558257007716
2025-05-04 02:45:00,15550675.350213192,520203.4151153024,3.236931985558845,0.003925338775152998
2025-05-04 03:00:00,15266928.032877577,803950.7324509174,5.0025312504090955,-0.01824662343888006
2025-05-04 03:15:00,15432447.30132335,638431.4640051443,3.97259834591313,0.010841687868661243
2025-05-04 03:30:00,15432447.30132335,638431.4640051443,3.97259834591313,0.0
2025-05-04 03:45:00,15010204.269573921,1060674.4957545735,6.599978204321255,-0.02736073051182375
2025-05-04 04:00:00,15224703.729702635,846175.0356258601,5.265269236249907,0.01429024257607936
2025-05-04 04:15:00,15256794.200115591,814084.5652129035,5.06558836701089,0.0021077894836369904
2025-05-04 04:30:00,14858196.778144129,1212681.9871843662,7.545834953348169,-0.026125896223234246
2025-05-04 04:45:00,14989936.60404995,1080942.161278544,6.726092437524832,0.00886647470570634
2025-05-04 05:00:00,15138566.15122575,932312.6141027454,5.801254727365175,0.009915288576713754
2025-05-04 05:15:00,17971270.861545656,0.0,0.0,0.18711842865584383
2025-05-04 05:30:00,17597974.106915522,373296.7546301335,2.077186179575657,-0.02077186179575652
2025-05-04 05:45:00,17934950.0962303,36320.765315357596,0.20210460125597235,0.019148567174124498
2025-05-04 06:00:00,18171035.07078016,0.0,0.0,0.013163402924633028
2025-05-04 06:15:00,18405102.225034736,0.0,0.0,0.012881333030442699
2025-05-04 06:30:00,18134714.305464804,270387.9195699319,1.4690921911976593,-0.014690921911976629
2025-05-04 06:45:00,18033823.290699895,371278.9343348406,2.0172609192565347,-0.005563419035198414
2025-05-04 07:00:00,17894593.690324333,510508.53471040353,2.7737337639777224,-0.0077204704810079905
2025-05-04 07:15:00,18187177.633142546,217924.59189219028,1.184044452607103,0.016350409955181888
2025-05-04 07:30:00,18288068.647907455,117033.57712728158,0.6358757245482276,0.005547370614616742
2025-05-04 07:45:00,17928896.635344397,476205.5896903388,2.5873563964377277,-0.019639690744717053
2025-05-04 08:00:00,17926878.815049104,478223.4099856317,2.5983197709988763,-0.00011254570408503195
2025-05-04 08:15:00,18132696.4851695,272405.739865236,1.4800555657588688,0.011480953948749706
2025-05-04 08:30:00,18604866.434269242,0.0,0.0,0.026039698479811024
2025-05-04 08:45:00,18528189.263047915,76677.17122132704,0.4121350265653694,-0.004121350265653745
2025-05-04 09:00:00,18744096.034644805,0.0,0.0,0.01165288029669953
2025-05-04 09:15:00,18982198.829489972,0.0,0.0,0.012702815564169079
2025-05-04 09:30:00,18786470.260846063,195728.56864390895,1.0311164180823613,-0.010311164180823562
2025-05-04 09:45:00,18750149.495530702,232049.33395927027,1.2224576090667003,-0.0019333469678473048
2025-05-04 10:00:00,18725935.65198712,256263.17750285193,1.3500184030562987,-0.0012913946925784403
2025-05-04 10:15:00,18481779.396256063,500419.4332339093,2.6362564091177787,-0.013038400871849043
2025-05-04 10:30:00,18374834.920605265,607363.9088847078,3.1996499159050633,-0.005786481558829881
2025-05-04 10:45:00,18457565.55271249,524633.2767774835,2.7638172031073376,0.004502387774621752
2025-05-04 11:00:00,18239640.9608203,742557.8686696738,3.911864349013488,-0.01180678953948855
2025-05-04 11:15:00,18142785.586645994,839413.2428439781,4.422107524971763,-0.005310157934706905
2025-05-04 11:30:00,18233587.4999344,748611.3295555711,3.9437545475108973,0.005004849605632966
2025-05-04 11:45:00,18282015.187021557,700183.6424684152,3.6886329595317395,0.002655960440441474
2025-05-04 12:00:00,18088304.43867295,893894.3908170238,4.709119311448291,-0.010595700001722164
2025-05-04 12:15:00,18177088.531666063,805110.2978239097,4.241396400153195,0.00490837011805767
2025-05-04 12:30:00,18193231.094028443,788967.7354615293,4.156355870826835,0.0008880719447594831
2025-05-04 12:45:00,18548367.466000892,433831.3634890802,2.2854642256464905,0.019520247400639956
2025-05-04 13:00:00,18705757.449034143,276441.3804558292,1.456319064714258,0.00848538197885862
2025-05-04 13:15:00,18701721.808443546,280477.02104642615,1.4775791970458578,-0.00021574323315121102
2025-05-04 13:30:00,19032644.33687242,0.0,0.0,0.017694762643697848
2025-05-04 13:45:00,18818755.385570835,213888.95130158588,1.12380049516931,-0.011238004951693137
2025-05-04 14:00:00,18673472.324309375,359172.01256304607,1.887136680567361,-0.007720120607596304
2025-05-04 14:15:00,18286050.82761215,746593.5092602707,3.9226998416288184,-0.020747158855553338
2025-05-04 14:30:00,18431333.88887361,601310.4479988106,3.1593636562307674,0.007945021187520718
2025-05-04 14:45:00,18403084.404739443,629559.932132978,3.3077901367248046,-0.0015326879923335257
2025-05-04 15:00:00,18191213.273733143,841431.0631392784,4.420988740430318,-0.011512805481223354
2025-05-04 15:15:00,18518100.16157142,514544.1753010005,2.7034823232847427,0.017969493453758867
2025-05-04 15:30:00,18798577.18261785,234067.1542545706,1.2298194098079498,0.015146101306249271
2025-05-04 15:45:00,18463619.01359838,569025.3232740425,2.989733392808982,-0.017818272402508883
2025-05-04 16:00:00,18503975.41950434,528668.9173680805,2.7776955635317417,0.002185725662787963
2025-05-04 16:15:00,18514064.520980828,518579.8158915937,2.7246861062124506,0.0005452396713547802
2025-05-04 16:30:00,18895432.556792162,137211.78008025885,0.7209286195425562,0.020598828278855397
2025-05-04 16:45:00,18867183.072657984,165461.26421443745,0.8693551000366522,-0.0014950429977864665
2025-05-04 17:00:00,18875254.353839174,157389.9830332473,0.8269475341812157,0.000427794713715679
2025-05-04 17:15:00,19153713.55459031,0.0,0.0,0.014752606536107438
2025-05-04 17:30:00,19008430.49332885,145283.06126146019,0.7585111933901828,-0.007585111933901878
2025-05-04 17:45:00,18828844.487047322,324869.0675429888,1.6961153074419442,-0.009447703025484144
2025-05-04 18:00:00,18970091.907718185,183621.64687212557,0.9586738694237154,0.007501651031640799
2025-05-04 18:15:00,18800595.00291315,353118.55167715997,1.8436035950455822,-0.008934954328612021
2025-05-04 18:30:00,18810684.104389645,343029.45020066574,1.7909292066156879,0.0005366373497717181
2025-05-04 18:45:00,19258640.209945805,0.0,0.0,0.023813918891531838
2025-05-04 19:00:00,19357513.40441541,0.0,0.0,0.00513396550284706
2025-05-04 19:15:00,19224337.264925737,133176.13948967308,0.6879816467506403,-0.00687981646750635
2025-05-04 19:30:00,18933771.142402824,423742.262012586,2.1890325123883487,-0.015114493598332945
2025-05-04 19:45:00,19179945.218429185,177568.18598622456,0.917308862334155,0.013001851251652985
2025-05-04 20:00:00,18927717.681516927,429795.7228984833,2.2203044054224845,-0.013150586930243402
2025-05-04 20:15:00,18536260.54422911,821252.8601863012,4.242553488295532,-0.020681687241673075
2025-05-04 20:30:00,18540296.184819702,817217.219595708,4.221705559606134,0.0002177160048524307
2025-05-04 20:45:00,18512046.700685535,845466.7037298754,4.367641060431998,-0.0015236803043792158
2025-05-04 21:00:00,18871218.71324858,486294.6911668293,2.512175407074271,0.019402069277933753
2025-05-04 21:15:00,18923682.040926334,433831.3634890765,2.2411523341118826,0.002780070989316652
2025-05-04 21:30:00,18844987.049409702,512526.3550057076,2.647686943555474,-0.004158545432460636
2025-05-04 21:45:00,18657329.761946995,700183.6424684152,3.6171156276131247,-0.009957941969962025
2025-05-04 22:00:00,19210212.52285865,147300.88155676052,0.7609493971635917,0.02963354177505617
2025-05-04 22:15:00,19214248.163449243,143265.2409661673,0.7401014684741936,0.00021007787320370674
2025-05-04 22:30:00,19985055.5162531,0.0,0.0,0.04011644620423627
2025-05-04 22:45:00,19583509.277488794,401546.23876430467,2.0092325409741396,-0.020092325409741374
2025-05-04 23:00:00,19516921.20774395,468134.30850914866,2.3424218568141204,-0.003400211310512491
2025-05-04 23:15:00,21993279.58655285,0.0,0.0,0.12688263443038994
2025-05-04 23:30:00,22261216.30901605,0.0,0.0,0.012182663409008754
2025-05-04 23:45:00,26494295.964917623,0.0,0.0,0.19015491324196554
2025-05-05 00:00:00,26014791.802714422,479504.16220320016,1.8098392304446769,-0.018098392304446764
2025-05-05 00:15:00,30351764.330053028,0.0,0.0,0.16671179074691178
2025-05-05 00:30:00,29632883.47698728,718880.8530657478,2.368497742827894,-0.02368497742827891
2025-05-05 00:45:00,35918310.978281826,0.0,0.0,0.21210988482358695
2025-05-05 01:00:00,36467333.72729609,0.0,0.0,0.015285316432229745
2025-05-05 01:15:00,43327982.197376594,0.0,0.0,0.18813134300918888
2025-05-05 01:30:00,42518975.413921624,809006.7834549695,1.8671693035914168,-0.018671693035914205
2025-05-05 01:45:00,42229331.009968616,1098651.1874079779,2.535662017222899,-0.006812120967951918
2025-05-05 02:00:00,43367933.14964598,0.0,0.0,0.026962353237577563
2025-05-05 02:15:00,44676326.83646823,0.0,0.0,0.030169611318747735
2025-05-05 02:30:00,52459490.32825254,0.0,0.0,0.17421225160863263
2025-05-05 02:45:00,62465262.406869225,0.0,0.0,0.19073330709101421
2025-05-05 03:00:00,61835083.56325854,630178.8436106816,1.0088468683698055,-0.01008846868369806
2025-05-05 03:15:00,61707631.662303545,757630.7445656806,1.2128833136581283,-0.0020611583846994463
