type,date,side,price,intended_price,slippage_pct,size,cost,commission,balance,stop_loss,take_profit,pnl,pnl_pct,reinvested,reason
entry,2025-04-25 01:00:00,BUY,2.6782756615460044,2.6766,0.06260410767407973,56.006184185467376,10.0,0.004,49.996,2.623068,2.837196,,,,
exit,2025-04-25 01:30:00,,2.652624080981358,2.6571,0.16845128217386876,56.006184185467376,,0.003961689409446615,58.55539116483861,,,-1.4406088351613908,-14.406088351613908,0.0,signal_reversal
entry,2025-04-25 01:30:00,SELL,2.653985392825124,2.6571,0.117218289672037,66.18957812255404,11.711078232967722,0.004684431293187089,58.550706733545425,2.710242,2.4976739999999995,,,,
exit,2025-04-25 02:15:00,,2.6398906393199404,2.6359,0.15139570241438127,66.18957812255404,,0.0046595532721671025,70.49385152525748,,,0.9282662349773274,7.926394278232861,0.6961996762329956,signal_reversal
entry,2025-04-25 02:15:00,BUY,2.6381875156128793,2.6359,0.08678309544669296,80.16168423367094,14.098770305051497,0.005639508122020599,70.48821201713547,2.583182,2.794054,,,,
exit,2025-04-25 07:00:00,,2.704140769575396,2.7064,0.08347732872464891,80.16168423367094,,0.005780492759842636,85.90726817857859,,,5.28114342556653,37.45818473029758,3.9608575691748973,signal_reversal
entry,2025-04-25 07:00:00,SELL,2.702491373364013,2.7064,0.1444216167597935,95.3645244073169,17.18145363571572,0.006872581454286288,85.9003955971243,2.760528,2.5440159999999996,,,,
exit,2025-04-25 10:45:00,,2.678765380709004,2.6772,0.058470816861064936,95.3645244073169,,0.006812244974135985,103.64580067300558,,,2.2558057606622564,13.129306800753051,1.6918543204966923,signal_reversal
entry,2025-04-25 10:45:00,BUY,2.6811934554488905,2.6772,0.14916537609781247,115.96977509664964,20.729160134601116,0.008291664053840447,103.63750900895174,2.623656,2.837832,,,,
exit,2025-04-25 12:30:00,,2.7807357014597054,2.7826,0.06699843816195937,115.96977509664964,,0.008599501170706837,127.25049223888257,,,11.535292381318861,55.647659173919685,8.651469285989146,signal_reversal
entry,2025-04-25 12:30:00,SELL,2.780021798128798,2.7826,0.09265441929138814,137.31959834761025,25.450098447776515,0.010180039379110606,127.24031219950346,2.838252,2.6156439999999996,,,,
exit,2025-04-25 13:00:00,,2.7096860435409185,2.7056,0.1510217157347005,137.31959834761025,,0.009922479977257708,155.10254941965658,,,9.648555089506416,37.91166116431812,7.236416317129812,signal_reversal
entry,2025-04-25 13:00:00,BUY,2.7090038875201654,2.7056,0.12580897102919497,171.7633741326649,31.020509883931318,0.012408203953572528,155.090141215703,2.651488,2.8679360000000003,,,,
exit,2025-04-25 16:15:00,,2.6463902557253456,2.651488,0.19225975281255192,171.7633741326649,,0.012121411189205102,175.34380102466656,,,-10.766850074967765,-34.708810768275,0.0,stop_loss
entry,2025-04-25 17:30:00,BUY,2.662347633761827,2.6603,0.07697003201997159,197.58178699253153,35.06876020493331,0.014027504081973325,175.32977352058458,2.607094,2.819918,,,,
exit,2025-04-25 23:45:00,,2.7338959216585366,2.7382,0.1571864122950629,197.58178699253153,,0.01440448111074367,213.9290922499622,,,14.122234097777241,40.270126503618435,10.591675573332932,signal_reversal
entry,2025-04-25 23:45:00,SELL,2.735944521936213,2.7382,0.0823708298804688,234.57612959772197,42.78581844999244,0.017114327379996977,213.9119779225822,2.792964,2.573908,,,,
exit,2025-04-26 00:00:00,,2.798387413049033,2.792964,0.19418127297857712,234.57612959772197,,0.017504930359147304,242.03267972407812,,,-14.665116648496525,-34.27564828667924,0.0,stop_loss
entry,2025-04-26 00:15:00,SELL,2.7999098961766054,2.8029,0.1066789333688306,259.3290734690255,48.40653594481563,0.019362614377926253,242.01331710970018,2.8589580000000003,2.634726,,,,
exit,2025-04-26 01:15:00,,2.8626785812875917,2.8589580000000003,0.13013766860482698,259.3290734690255,,0.01979668757666495,274.1223114142381,,,-16.297541640277764,-33.66806015381326,0.0,stop_loss
entry,2025-04-26 01:30:00,BUY,2.911029155312416,2.9094,0.055996264261210967,282.50041149260034,54.82446228284762,0.021929784913139048,274.10038162932494,2.8512120000000003,3.0839640000000004,,,,
exit,2025-04-26 04:45:00,,2.848252067408915,2.8512120000000003,0.10381313599568714,282.50041149260034,,0.021456863495404484,311.168833883631,,,-17.75601002854158,-32.387020846525886,0.0,stop_loss
entry,2025-04-26 07:00:00,SELL,2.963832805526034,2.9668,0.1000132962776794,314.9659791572522,62.233766776726206,0.024893506710690485,311.14394037692034,3.026136,2.788792,,,,
exit,2025-04-26 11:15:00,,2.8440607866952177,2.8395,0.16061935887365547,314.9659791572522,,0.02388753041237878,382.80276306771566,,,37.7002236562765,60.57840559696829,28.275167742207373,signal_reversal
entry,2025-04-26 11:15:00,BUY,2.8416718698285175,2.8395,0.07648775589072344,404.1312093054743,76.56055261354314,0.030624221045417257,382.77213884667026,2.7827100000000002,3.0098700000000003,,,,
exit,2025-04-26 11:30:00,,2.778037579370309,2.7827100000000002,0.16790900344238208,404.1312093054743,,0.02993844497191934,433.5861502590699,,,-25.746541201143547,-33.62899080823657,0.0,stop_loss
entry,2025-04-26 11:45:00,SELL,2.785466697854804,2.7884,0.10519660540797185,466.98043519205396,86.71723005181398,0.0346868920207256,433.55146336704917,2.8441680000000003,2.621096,,,,
exit,2025-04-26 12:30:00,,2.8024900363326943,2.7996,0.10323033050058267,466.98043519205396,,0.034898880447680976,512.2842285275887,,,-7.98446489127447,-9.20747224802235,0.0,signal_reversal
entry,2025-04-26 12:30:00,BUY,2.802045837938812,2.7996,0.08736383550549222,548.4752122089754,102.45684570551774,0.040982738282207096,512.2432457893065,2.7436079999999996,2.967576,,,,
exit,2025-04-26 12:45:00,,2.7732245367919734,2.7749,0.060379228369561284,548.4752122089754,,0.04056119776853641,598.8517610344047,,,-15.848330460419483,-15.468298239407913,0.0,signal_reversal
entry,2025-04-26 12:45:00,SELL,2.773218261629245,2.7749,0.060605368508954864,647.8232557316825,119.77035220688094,0.04790814088275238,598.8038528935219,2.830398,2.608406,,,,
exit,2025-04-26 13:15:00,,2.7569533450427053,2.7546,0.08543327679898971,647.8232557316825,,0.04762715978362448,721.1964961147811,,,10.489164057512712,8.757729992640114,7.866873043134534,signal_reversal
entry,2025-04-26 13:15:00,BUY,2.756568778624158,2.7546,0.0714723961431053,784.8850009192302,144.23929922295622,0.05769571968918249,721.138800395092,2.699508,2.919876,,,,
exit,2025-04-26 15:15:00,,2.808178873678984,2.8117,0.12523122385090418,784.8850009192302,,0.05877593274263712,875.4904030109997,,,40.449213571805984,28.043129569897644,30.336910178854488,signal_reversal
entry,2025-04-26 15:15:00,SELL,2.8100131995962125,2.8117,0.059992189913138316,934.6828724542692,175.09808060219996,0.07003923224087999,875.4203637787588,2.867934,2.642998,,,,
exit,2025-04-26 16:30:00,,2.872072409894317,2.867934,0.14429934211586484,934.6828724542692,,0.07158605039937802,992.4411773868836,,,-58.07726699407511,-33.16842011878994,0.0,stop_loss
entry,2025-04-26 16:45:00,BUY,2.8408854199554225,2.8392,0.059362494907805034,1048.02661566244,198.48823547737675,0.0793952941909507,992.3617820926927,2.782416,3.0095520000000002,,,,
exit,2025-04-27 03:30:00,,2.904804013734738,2.9074,0.0892889270572248,1048.02661566244,,0.08118165119138905,1207.5768190363813,,,66.90720586524706,33.70839873926583,50.180404398935295,signal_reversal
entry,2025-04-27 03:30:00,SELL,2.9031185056858613,2.9074,0.14726196306454484,1247.8755000920207,241.51536380727626,0.09660614552291051,1207.4802128908584,2.965548,2.7329559999999997,,,,
exit,2025-04-27 08:15:00,,2.9713151412101664,2.965548,0.19447134931441448,1247.8755000920207,,0.0988755031404968,1363.7957905355088,,,-85.19978616262598,-35.2771702882693,0.0,stop_loss
entry,2025-04-27 09:00:00,BUY,2.913390877517462,2.9115,0.06494513197532785,1404.3386361849427,272.75915810710177,0.10910366324284071,1363.686686872266,2.85327,3.08619,,,,
exit,2025-04-27 18:00:00,,3.030536713598164,3.035,0.14706050747401433,1404.3386361849427,,0.11349066120754252,1677.545578233145,,,164.39893301511012,60.27256212257305,123.29919976133259,signal_reversal
entry,2025-04-27 18:00:00,SELL,3.0309552529739823,3.035,0.13327008322958148,1660.4127460349002,335.509115646629,0.1342036462586516,1677.4113745868865,3.0957000000000003,2.8529,,,,
exit,2025-04-27 18:30:00,,3.094403335653981,3.0921,0.07449098198573365,1660.4127460349002,,0.1370129797304742,1907.4334720604393,,,-105.4870181730763,-31.440879920585896,0.0,signal_reversal
entry,2025-04-27 18:30:00,BUY,3.0942448331448844,3.0921,0.06936493466849465,1849.3366636296096,381.4866944120879,0.15259467776483518,1907.2808773826744,3.030258,3.277626,,,,
exit,2025-04-27 18:45:00,,3.057808516426432,3.0605,0.08794260982088725,1849.3366636296096,,0.1507977973276337,2221.23375760238,,,-67.53381419238232,-17.702796763713923,0.0,signal_reversal
entry,2025-04-27 18:45:00,SELL,3.057294080991514,3.0605,0.10475147879386673,2179.6075536986054,444.24675152047604,0.17769870060819043,2221.056058901772,3.12171,2.8768700000000003,,,,
exit,2025-04-27 19:45:00,,3.1248562883379707,3.12171,0.10078733572210453,2179.6075536986054,,0.18162560987424078,2517.8620873354857,,,-147.44072308676238,-33.18892542987263,0.0,stop_loss
entry,2025-04-27 23:00:00,SELL,2.9558298038940904,2.9574,0.05309380218803986,2555.4875494032704,503.5724174670972,0.20142896698683888,2517.660658368499,3.016548,2.779956,,,,
exit,2025-04-28 01:00:00,,2.8544892266806094,2.8498,0.16454581656991546,2555.4875494032704,,0.19452297809834845,3085.928090920669,,,258.7800603402931,51.38884723709107,194.08504525521982,signal_reversal
entry,2025-04-28 01:00:00,BUY,2.8521560274750577,2.8498,0.08267343234815619,3245.88984038075,617.1856181841339,0.24687424727365356,3085.6812166733953,2.792804,3.0207880000000005,,,,
exit,2025-04-28 01:15:00,,2.8118426618299406,2.8162,0.15472403132090398,3245.88984038075,,0.24338484076754585,3571.7707060377215,,,-131.09612881980752,-21.240956522207185,0.0,signal_reversal
entry,2025-04-28 01:15:00,SELL,2.812077301328508,2.8162,0.1463922545093348,3810.4614382580935,714.3541412075443,0.28574165648301775,3571.4849643812386,2.872524,2.6472279999999997,,,,
exit,2025-04-28 01:45:00,,2.787748705833518,2.7828,0.17783188994961105,3810.4614382580935,,0.28326957181686735,4308.944081940988,,,92.41990540882168,12.937547370075444,69.31492905661625,signal_reversal
entry,2025-04-28 01:45:00,BUY,2.7864408751679037,2.7828,0.13083495644327595,4639.191292743302,861.7888163881977,0.3447155265552791,4308.5993664144335,2.727144,2.949768,,,,
exit,2025-04-28 03:15:00,,2.944035954169976,2.949768,0.19432192057219916,4639.191292743302,,0.36421189237622864,5353.075559400939,,,730.7495063932297,84.7944986633546,548.0621297949223,take_profit
entry,2025-04-28 04:00:00,SELL,2.9953216472494626,2.9988,0.11599148827990216,5361.436456398481,1070.615111880188,0.4282460447520752,5352.647313356187,3.0587760000000004,2.818872,,,,
exit,2025-04-28 06:15:00,,3.0636322147781803,3.0587760000000004,0.15876333468616652,5361.436456398481,,0.43801251854156154,6056.581645612096,,,-366.6807796242787,-34.24954267461469,0.0,stop_loss
entry,2025-04-28 06:30:00,BUY,3.104863324753145,3.101,0.124583191007583,5852.027299230921,1211.3163291224191,0.4845265316489677,6056.097119080447,3.03898,3.2870600000000003,,,,
exit,2025-04-28 06:45:00,,3.0844187421221596,3.087,0.0836170352394179,5852.027299230921,,0.48133607149755675,7147.289856453458,,,-120.12359174940752,-9.916781344509348,0.0,signal_reversal
entry,2025-04-28 06:45:00,SELL,3.08300479061154,3.087,0.12942045314092046,6954.860931340686,1429.4579712906916,0.5717831885162766,7146.718073264942,3.14874,2.90178,,,,
exit,2025-04-28 12:00:00,,2.971692439371315,2.9674,0.1446532105989933,6954.860931340686,,0.5511388705745083,8769.578740542069,,,773.6107839457397,54.11916960715033,580.2080879593047,signal_reversal
entry,2025-04-28 12:00:00,BUY,2.9691368116412984,2.9674,0.058529744601282435,8860.735591056546,1753.915748108414,0.7015662992433656,8768.877174242825,2.908052,3.1454440000000004,,,,
exit,2025-04-28 12:45:00,,2.948895640461266,2.9546,0.19306706622670075,8860.735591056546,,0.6967835881532434,10342.744472883505,,,-180.0484494677337,-10.265513019192325,0.0,signal_reversal
entry,2025-04-28 12:45:00,SELL,2.952789854064193,2.9546,0.06126534677476123,10508.107570182667,2068.548894576701,0.8274195578306804,10341.917053325675,3.0136920000000003,2.777324,,,,
exit,2025-04-28 13:15:00,,2.935347021961473,2.9314,0.1346463110279408,10508.107570182667,,0.8225317936689733,12456.083103969962,,,182.46862427034847,8.821093122272465,136.85146820276134,signal_reversal
entry,2025-04-28 13:15:00,BUY,2.9357722746880817,2.9314,0.14915312438022038,12728.592620788399,2491.2166207939927,0.9964866483175971,12455.086617321645,2.872772,3.1072840000000004,,,,
exit,2025-04-28 13:30:00,,2.9265255195210536,2.9284,0.06401039745069403,12728.592620788399,,0.9933480301953233,14827.611710500172,,,-118.6915276154663,-4.7644001177881234,0.0,signal_reversal
entry,2025-04-28 13:30:00,SELL,2.925339902572523,2.9284,0.10449724858206119,15206.039849380453,2965.5223421000346,1.186208936840014,14826.425501563332,2.986968,2.752696,,,,
exit,2025-04-28 14:30:00,,2.907701081480053,2.9039,0.13089574296816509,15206.039849380453,,1.179056493735262,17858.707233646983,,,267.03755993446026,9.00473943977632,200.2781699508452,signal_reversal
entry,2025-04-28 14:30:00,BUY,2.907681909385613,2.9039,0.13023552414384104,18425.716213319036,3571.7414467293966,1.4286965786917587,17857.27853706829,2.845822,3.0781340000000004,,,,
exit,2025-04-28 14:45:00,,2.898899443829627,2.9039,0.1722013902122501,18425.716213319036,,1.4243812928787492,21265.772384516957,,,-163.24759928073104,-4.570532377986516,0.0,signal_reversal
entry,2025-04-28 14:45:00,SELL,2.9011229959879907,2.9039,0.09563015296701653,21990.55925645938,4253.154476903392,1.7012617907613568,21264.071122726196,2.961978,2.729666,,,,
exit,2025-04-28 15:15:00,,2.857486275150932,2.8526,0.17129198453804556,21990.55925645938,,1.6756725668860257,25756.705655319096,,,957.9202227580294,22.52258242582022,718.440167068522,signal_reversal
entry,2025-04-28 15:15:00,BUY,2.8556929049302417,2.8526,0.10842406682472949,27058.272558843237,5151.341131063819,2.0605364524255276,25754.64511886667,2.7955479999999997,3.023756,,,,
exit,2025-04-28 19:00:00,,2.906909685797701,2.911,0.14051233948125083,27058.272558843237,,2.0974921221934815,31251.921280974504,,,1383.7401241760676,26.861745106177953,1037.8050931320508,signal_reversal
entry,2025-04-28 19:00:00,SELL,2.9076045107604886,2.911,0.11664339537997427,32245.01939515892,6250.384256194901,2.5001537024779608,31249.421127272028,2.96922,2.7363399999999998,,,,
exit,2025-04-29 00:30:00,,2.9730715090757016,2.96922,0.12971450669540446,32245.01939515892,,2.5564466259557443,35386.2643064241,,,-2113.5410770428343,-33.814578278896285,0.0,stop_loss
entry,2025-04-29 01:15:00,BUY,2.9958105081315898,2.9927,0.1039365165766477,35435.75023557842,7077.25286128482,2.8309011445139283,35383.43340527958,2.932846,3.1722620000000004,,,,
exit,2025-04-29 01:45:00,,3.001834695776623,3.0069,0.16845602525447287,35435.75023557842,,2.8365937207475724,42513.34502032463,,,210.63501504091047,2.976225650960722,157.97626128068285,signal_reversal
entry,2025-04-29 01:45:00,SELL,3.002852739591274,3.0069,0.13459910235544986,42472.9569250651,8502.669004064926,3.4010676016259707,42509.943952723006,3.067038,2.8264859999999996,,,,
exit,2025-04-29 10:30:00,,2.9027575043543408,2.9012,0.05368483228805381,42472.9569250651,,3.2876985185693703,52074.62618581392,,,4248.052916103948,49.961405225501,3186.0396870779605,signal_reversal
entry,2025-04-29 10:30:00,BUY,2.904317637511476,2.9012,0.10746027545415247,53790.217894796115,10414.925237162784,4.165970094865114,52070.46021571905,2.8431759999999997,3.075272,,,,
exit,2025-04-29 17:00:00,,2.9561130532272073,2.9594,0.11106801286722892,53790.217894796115,,4.240265740126467,63180.847060771994,,,2781.846431560614,26.71019107880259,2086.3848236704603,signal_reversal
entry,2025-04-29 17:00:00,SELL,2.9557208360460216,2.9594,0.12432127978571145,64127.348858789424,12636.169412154399,5.0544677648617595,63175.79259300713,3.0185880000000003,2.7818359999999998,,,,
exit,2025-04-29 17:45:00,,2.9281504941666427,2.9266,0.05297936741073707,64127.348858789424,,5.007320753345626,76252.71340793694,,,1763.0056111016772,13.952057412319027,1322.2542083262579,signal_reversal
entry,2025-04-29 17:45:00,BUY,2.9281989869677783,2.9266,0.05463633457863266,78122.4709256168,15250.542681587389,6.100217072634956,76246.61319086431,2.868068,3.102196,,,,
exit,2025-04-29 21:00:00,,2.8659797784838994,2.868068,0.07280934469129038,78122.4709256168,,5.97059791781371,86630.46696873718,,,-4866.688903714529,-31.91157852756469,0.0,stop_loss
entry,2025-04-29 21:15:00,SELL,2.85368822661895,2.8575,0.1333953939125211,91072.10748601325,17326.093393747436,6.930437357498975,86623.53653137968,2.91465,2.68605,,,,
exit,2025-04-29 23:15:00,,2.817185809115604,2.8139,0.11677064272376746,91072.10748601325,,6.841787968422601,104779.00750072602,,,3317.5103023956094,19.147480202275823,2488.132726796707,signal_reversal
entry,2025-04-29 23:15:00,BUY,2.8179083035324375,2.8139,0.1424465522028939,111549.7697736067,20955.801500145204,8.382320600058081,104770.62518012596,2.757622,2.9827339999999998,,,,
exit,2025-04-30 12:30:00,,2.7913127045373174,2.7948,0.1247779970904118,111549.7697736067,,8.3032077215275,122751.39052765282,,,-2975.03615261834,-14.196718520156463,0.0,signal_reversal
entry,2025-04-30 12:30:00,SELL,2.7927802404160675,2.7948,0.07226848375313205,131859.34441017677,24550.278105530568,9.820111242212228,122741.57041641061,2.850696,2.627112,,,,
exit,2025-04-30 13:45:00,,2.629262416264848,2.627112,0.0818547616107747,131859.34441017677,,9.245141826426671,152679.87550947416,,,21552.107950131933,87.78763261861695,16164.08096259895,take_profit
entry,2025-04-30 14:15:00,SELL,2.688516269203386,2.691,0.09229768846577263,170368.92496251874,30535.975101894834,12.214390040757934,152667.6611194334,2.74482,2.52954,,,,
exit,2025-04-30 17:30:00,,2.7495285391333617,2.74482,0.17154272897172598,170368.92496251874,,12.491579236424412,172796.54980459888,,,-10407.086416729368,-34.081395409847524,0.0,stop_loss
entry,2025-04-30 18:00:00,BUY,2.786709524795835,2.7846,0.07575683386606741,186022.1328420571,34559.309960919774,13.823723984367911,172782.72608061452,2.728908,2.9516760000000004,,,,
exit,2025-04-30 18:15:00,,2.764448188951144,2.7667,0.08138978020227465,186022.1328420571,,13.71329461973477,203187.2215731718,,,-4154.814468362497,-12.02227264682318,0.0,signal_reversal
entry,2025-04-30 18:15:00,SELL,2.7648864988652555,2.7667,0.06554744405771513,220465.3482049579,40637.44431463436,16.254977725853745,203170.96659544593,2.8220340000000004,2.600698,,,,
exit,2025-05-01 00:15:00,,2.8265380309513115,2.8220340000000004,0.15960229222295655,220465.3482049579,,16.617431765552986,230199.76698959328,,,-13608.643920487026,-33.48794233988352,0.0,stop_loss
entry,2025-05-01 00:30:00,BUY,2.838571726585,2.8349,0.12951873381776666,243291.12225732591,46039.95339791866,18.415981359167464,230181.3510082341,2.7782020000000003,3.0049940000000004,,,,
exit,2025-05-01 01:45:00,,2.8898821169297504,2.8951,0.18023153156193106,243291.12225732591,,18.748871024512418,279337.45780100557,,,12464.61357941124,27.073471321052057,9348.46018455843,signal_reversal
entry,2025-05-01 01:45:00,SELL,2.8927499326570483,2.8951,0.08117396093232358,289694.0257235736,55867.49156020112,22.346996624080447,279315.1108043815,2.9530019999999997,2.7213939999999996,,,,
exit,2025-05-01 08:15:00,,2.868711459803329,2.866,0.09460780890888268,289694.0257235736,,22.16129523812736,336918.0125340833,,,6941.6406780026555,12.425187679175739,5206.230508501992,signal_reversal
entry,2025-05-01 08:15:00,BUY,2.8697647331411593,2.866,0.13135844874945127,352207.97925686004,67383.60250681666,26.953441002726667,336891.0590930805,2.80868,3.0379600000000004,,,,
exit,2025-05-01 13:00:00,,2.881947716524658,2.8853,0.11618491925767842,352207.97925686004,,27.067866174961917,405340.63062305894,,,4263.876092647043,6.327765114985802,3197.9070694852826,signal_reversal
entry,2025-05-01 13:00:00,SELL,2.8810921584566755,2.8853,0.14583722813310732,422069.7655574362,81068.1261246118,32.42725044984472,405308.2033726091,2.943006,2.712182,,,,
exit,2025-05-01 14:15:00,,2.9457939637581827,2.943006,0.09473184078395837,422069.7655574362,,33.155481804371384,459034.49822066654,,,-27341.831276554378,-33.72698073041257,0.0,stop_loss
entry,2025-05-01 14:30:00,BUY,2.9690196180771267,2.9654,0.12206171434298875,463824.3163761495,91806.89964413331,36.72275985765333,458997.7754608089,2.9060919999999997,3.143324,,,,
exit,2025-05-01 14:45:00,,2.96068161131253,2.9652,0.15238057087109308,463824.3163761495,,36.61962998331923,546900.6851874301,,,-3903.989917512055,-4.252392720639629,0.0,signal_reversal
entry,2025-05-01 14:45:00,SELL,2.9635064801101705,2.9652,0.057113175833984384,553635.3865172908,109380.13703748603,43.752054814994416,546856.9331326152,3.024504,2.7872879999999998,,,,
exit,2025-05-01 15:00:00,,3.0283905592185403,3.024504,0.12850236662079578,553635.3865172908,,44.709978074087225,620270.2379760463,,,-35966.83219405488,-32.88241646810935,0.0,stop_loss
entry,2025-05-01 23:45:00,SELL,2.886867191315167,2.8888,0.06690697468958676,644577.873040433,124054.04759520927,49.62161903808371,620220.6163570082,2.946576,2.7154719999999997,,,,
exit,2025-05-02 00:15:00,,2.9304370384155645,2.9268,0.12426672186567214,644577.873040433,,50.37052995468828,716140.1340495916,,,-28134.529902625836,-22.679251864823748,0.0,signal_reversal
entry,2025-05-02 00:15:00,BUY,2.9309271707318096,2.9268,0.14101307680091849,733017.3276234447,143228.02680991832,57.29121072396733,716082.8428388677,2.868264,3.102408,,,,
exit,2025-05-02 01:00:00,,2.9375814259072457,2.9409,0.11284212631351598,733017.3276234447,,57.42128230652793,860515.935414715,,,4820.263063716084,3.365446813083016,3615.197297787063,signal_reversal
entry,2025-05-02 01:00:00,SELL,2.9378762088083965,2.9409,0.10281856545966707,878712.247474587,172103.187082943,68.84127483317721,860447.0941398818,2.999718,2.764446,,,,
exit,2025-05-02 02:30:00,,2.947548103842854,2.9456,0.06613606201975568,878712.247474587,,69.067909836459,1023982.4006899218,,,-8567.880532903037,-4.978339261534915,0.0,signal_reversal
entry,2025-05-02 02:30:00,BUY,2.948420567902511,2.9456,0.09575529272510161,1041895.8663875863,204796.48013798438,81.91859205519376,1023900.4820978666,2.8866880000000004,3.1223360000000002,,,,
exit,2025-05-02 05:15:00,,2.8830655837395045,2.8866880000000004,0.12548693383198614,1041895.8663875863,,80.10277637926676,1160523.7716122093,,,-68173.19062364174,-33.28826285378984,0.0,stop_loss
entry,2025-05-02 06:00:00,SELL,2.8865267396384664,2.8905,0.1374592756109197,1206145.526742181,232104.75432244188,92.84190172897675,1160430.9297104804,2.9483099999999998,2.7170699999999997,,,,
exit,2025-05-02 10:30:00,,2.928733842572093,2.9244,0.1481959571909809,1206145.526742181,,94.19944595298051,1341533.576186829,,,-51002.10784609325,-21.97374543015206,0.0,signal_reversal
entry,2025-05-02 10:30:00,BUY,2.92784761105584,2.9244,0.11789122746000773,1374593.6480311337,268306.7152373658,107.32268609494632,1341426.253500734,2.865912,3.099864,,,,
exit,2025-05-02 19:15:00,,2.9096753118156276,2.9122,0.08669350265682728,1374593.6480311337,,106.6565653721272,1584646.7850670107,,,-25086.183671089177,-9.34981580647205,0.0,signal_reversal
entry,2025-05-02 19:15:00,SELL,2.9098815040314694,2.9122,0.0796132122975887,1633723.0050827595,316929.35701340216,126.77174280536087,1584520.0133242053,2.970444,2.737468,,,,
exit,2025-05-02 19:30:00,,2.9077348229687847,2.9042,0.12171417150280855,1633723.0050827595,,126.67822061238265,1902294.4713416253,,,3380.4040160710756,1.0666111993936007,2535.3030120533067,signal_reversal
entry,2025-05-02 19:30:00,BUY,2.9059307425544687,2.9042,0.059594468510039376,1963874.5447209869,380458.89426832506,152.18355770733004,1902142.287783918,2.846116,3.078452,,,,
exit,2025-05-02 19:45:00,,2.8634396243553373,2.867,0.12418471031260965,1963874.5447209869,,149.9582983631166,2199003.998345875,,,-83597.18370636798,-21.972724245844454,0.0,signal_reversal
entry,2025-05-02 19:45:00,SELL,2.8635231065046525,2.867,0.12127288089806067,2303809.590379119,439800.79966917506,175.92031986767003,2198828.0780260074,2.92434,2.6949799999999997,,,,
exit,2025-05-03 01:15:00,,2.8185941512752537,2.8171,0.05303863104802033,2303809.590379119,,173.16011298918463,2664462.5271527357,,,103334.59783021378,23.495773065429542,77500.94837266034,signal_reversal
entry,2025-05-03 01:15:00,BUY,2.82109794032104,2.8171,0.14191687625714444,2833431.4336313196,532892.5054305472,213.15700217221888,2664249.3701505633,2.760758,2.986126,,,,
exit,2025-05-03 06:00:00,,2.790079658049073,2.7923,0.07951659746185313,2833431.4336313196,,210.81331747870846,3109042.886256991,,,-88098.98932411945,-16.532225247367744,0.0,signal_reversal
entry,2025-05-03 06:00:00,SELL,2.788437322062628,2.7923,0.13833319977695563,3344930.3611643044,621808.5772513982,248.7234309005593,3108794.1628260906,2.848146,2.624762,,,,
exit,2025-05-03 06:15:00,,2.793792032158664,2.7895,0.1538638522554065,3344930.3611643044,,249.20106109723832,3712442.4066409282,,,-18160.33343656052,-2.920566569994139,0.0,signal_reversal
entry,2025-05-03 06:15:00,BUY,2.7922147600819986,2.7895,0.09732066972573032,3988707.236686807,742488.4813281856,296.99539253127426,3712145.411248397,2.73371,2.95687,,,,
exit,2025-05-03 07:15:00,,2.7725719852404205,2.7781,0.19898544903277196,3988707.236686807,,294.90607844702856,4375989.708338924,,,-78644.18423765943,-10.591973642066252,0.0,signal_reversal
entry,2025-05-03 07:15:00,SELL,2.7748120452596896,2.7781,0.11835264174471805,4731120.1302602645,875197.9416677848,350.0791766671139,4375639.629162257,2.833662,2.6114139999999995,,,,
exit,2025-05-03 10:15:00,,2.764892073684279,2.7627,0.07934533913484916,4731120.1302602645,,348.827641274793,5262483.508222732,,,46583.74957076088,5.322653008300097,34937.812178070664,signal_reversal
entry,2025-05-03 10:15:00,BUY,2.765381225586265,2.7627,0.09705091346381346,5708959.899849335,1052496.7016445464,420.99868065781857,5262062.509542074,2.707446,2.928462,,,,
exit,2025-05-03 10:30:00,,2.756038024791733,2.7582,0.0783835547917859,5708959.899849335,,419.57628175989254,6260799.676232637,,,-53759.53495398348,-5.10781030192144,0.0,signal_reversal
entry,2025-05-03 10:30:00,SELL,2.756121106058669,2.7582,0.07537139951167701,6814794.526775085,1252159.9352465274,500.863974098611,6260298.812258538,2.813364,2.592708,,,,
exit,2025-05-03 14:30:00,,2.7306162462336325,2.7266,0.14729869557810402,6814794.526775085,,496.2290306548291,7555787.285032857,,,173314.15011116798,13.841215106203315,129985.61258337599,signal_reversal
entry,2025-05-03 14:30:00,BUY,2.7306311656733953,2.7266,0.14784587667407445,8301143.757549045,1511157.4570065716,604.4629828026286,7555182.822050055,2.672068,2.890196,,,,
exit,2025-05-03 16:00:00,,2.7020487864016953,2.7065,0.16446383145409038,8301143.757549045,,598.1358777555042,8828475.7039117,,,-237864.57514492658,-15.74055529700451,0.0,signal_reversal
entry,2025-05-03 16:00:00,SELL,2.704500690015203,2.7065,0.07387068113050335,9793093.124182643,1765695.14078234,706.278056312936,8827769.425855387,2.7606300000000004,2.54411,,,,
exit,2025-05-03 16:15:00,,2.7138697858271934,2.7099,0.14649196749669263,9793093.124182643,,708.7247877203017,10501003.414073797,,,-92461.15256393094,-5.236529819239546,0.0,signal_reversal
entry,2025-05-03 16:15:00,BUY,2.7120268183589533,2.7099,0.07848327831113569,11616039.350703714,2100200.6828147597,840.0802731259039,10500163.333800672,2.6557020000000002,2.8724940000000005,,,,
exit,2025-05-03 16:30:00,,2.6865727541943873,2.6909,0.16081035362193494,11616039.350703714,,832.1955955000124,12303856.410048995,,,-296507.6065664356,-14.118060668804569,0.0,signal_reversal
entry,2025-05-03 16:30:00,SELL,2.689412270351278,2.6909,0.055287437241142566,13724771.630243873,2460771.282009799,984.3085128039197,12302872.101536192,2.744718,2.529446,,,,
exit,2025-05-03 17:00:00,,2.6470802182772117,2.6457,0.05216835911901029,13724771.630243873,,968.815239541089,14908650.616575144,,,580028.9321166121,23.571021669388216,435021.69908745907,signal_reversal
entry,2025-05-03 17:00:00,BUY,2.6480460182121424,2.6457,0.0886728734226221,16890171.67455521,2981730.123315029,1192.6920493260116,14907457.924525818,2.5927860000000003,2.8044420000000003,,,,
exit,2025-05-04 05:15:00,,2.6780550063977886,2.6806,0.09494119235288356,16890171.67455521,,1206.2082349856187,18015600.736340918,,,505650.75400027836,16.958300486232663,379238.06550020876,signal_reversal
entry,2025-05-04 05:15:00,SELL,2.6785459331054393,2.6806,0.07662713178245681,20177664.881916825,3603120.1472681835,1441.2480589072734,18014159.48828201,2.7342120000000003,2.519764,,,,
exit,2025-05-04 23:15:00,,2.5923310046375705,2.5903,0.07840808545613337,20177664.881916825,,1394.858300655458,22051834.9045858,,,1738221.0761424324,48.24210698220314,1303665.8071068244,signal_reversal
entry,2025-05-04 23:15:00,BUY,2.5924564186924233,2.5903,0.08324976614382952,25518463.584095564,4410366.98091716,1764.1467923668642,22050070.757793434,2.538494,2.745718,,,,
exit,2025-05-04 23:45:00,,2.6068435772163108,2.6099,0.11710880814165911,25518463.584095564,,1773.9371438567423,26551778.79964224,,,365364.24372657656,8.28421410978814,274023.1827949324,signal_reversal
entry,2025-05-04 23:45:00,SELL,2.608156986064539,2.6099,0.06678470192195446,30540851.959651038,5310355.759928448,2124.1423039713795,26549654.65733827,2.6620980000000003,2.453306,,,,
exit,2025-05-05 00:15:00,,2.6550596715965855,2.6516,0.1304748678754602,30540851.959651038,,2162.340916647227,30425400.10100577,,,-1434610.3162609448,-27.015333456308298,0.0,signal_reversal
entry,2025-05-05 00:15:00,BUY,2.653599281339662,2.6516,0.07539905489748859,34397130.32215504,6085080.020201154,2434.0320080804618,30422966.06899769,2.598568,2.8106960000000005,,,,
exit,2025-05-05 00:45:00,,2.6403946383466077,2.6429,0.09479593073489309,34397130.32215504,,2421.919959390072,36051422.34334983,,,-456623.745849012,-7.503989172420404,0.0,signal_reversal
entry,2025-05-05 00:45:00,SELL,2.639791935633868,2.6429,0.11760052843968186,40970754.38791332,7210284.468669966,2884.1137874679866,36048538.229562365,2.695758,2.484326,,,,
exit,2025-05-05 01:15:00,,2.613566175028495,2.6109,0.10211708715366472,40970754.38791332,,2855.4607422306813,43526731.13214651,,,1071633.7356567222,14.862572209365263,803725.3017425416,signal_reversal
entry,2025-05-05 01:15:00,BUY,2.614740402231128,2.6109,0.14709112685772122,49940022.07064876,8705346.226429302,3482.138490571721,43523248.993655935,2.558682,2.767554,,,,
exit,2025-05-05 02:30:00,,2.643415121323964,2.6479,0.16937492639586207,49940022.07064876,,3520.3255866881445,52585719.164780036,,,1428495.7787791966,16.409407984742806,1071371.8340843974,signal_reversal
entry,2025-05-05 02:30:00,SELL,2.6459240417947596,2.6479,0.07462359625514842,59622708.36290965,10517143.832956009,4206.857533182404,52581512.30724686,2.7008579999999998,2.489026,,,,
exit,2025-05-05 02:45:00,,2.6542539117336457,2.6504,0.14540868297788329,59622708.36290965,,4220.101517344194,62597786.63261835,,,-500869.50758451637,-4.76240998069282,0.0,signal_reversal
entry,2025-05-05 02:45:00,BUY,2.652130185600575,2.6504,0.06528016905278325,70808499.86831595,12519557.32652367,5007.822930609469,62592778.80968774,2.5973919999999997,2.809424,,,,
exit,2025-05-05 03:15:00,,2.63566191450192,2.6397,0.1529751675599492,70808499.86831595,,4976.727102024922,73941265.83718887,,,-1171070.299022545,-9.35392736723638,0.0,backtest_end
